ALB225,R0.3×3,0.45,60,J-032
ALB225,R0.4×4,0.6,60,J-032
ALB225,R0.5,2,60,J-032
ALB225,R0.5×5,0.75,60,J-032
ALB225,R0.5×10,0.75,60,J-032
ALB225,R0.75,3,60,J-032
ALB225,R0.75×7.5,1.1,60,J-032
ALB225,R0.75×15,1.1,60,J-032
ALB225,R1,4,60,J-032
ALB225,R1×10,1.5,60,J-032
ALB225,R1×20,1.5,60,J-032
ALB225,R1.5,6,60,J-032
ALB225,R1.5×15,2.5,60,J-032
ALB225,R1.5×30,2.5,70,J-032
ALB225,R2,8,70,J-032
ALB225,R2×20,3,80,J-032
ALB225,R2×40,3,90,J-032
ALB225,R2.5,10,80,J-032
ALB225,R2.5×25,3.5,80,J-032
ALB225,R2.5×50,3.5,100,J-032
ALB225,R3,12,90,J-032
ALB225,R3×30,6,90,J-032
ALB225,R3×60,6,120,J-032
ALB225,R4,16,90,J-032
ALB225,R5,20,100,J-032
ALB225,R6,24,110,J-032
ALB225-DLC,R0.3×3,0.45,60,J-034
ALB225-DLC,R0.4×4,0.6,60,J-034
ALB225-DLC,R0.5,2,60,J-034
ALB225-DLC,R0.5×5,0.75,60,J-034
ALB225-DLC,R0.5×10,0.75,60,J-034
ALB225-DLC,R0.75,3,60,J-034
ALB225-DLC,R0.75×7.5,1.1,60,J-034
ALB225-DLC,R0.75×15,1.1,60,J-034
ALB225-DLC,R1,4,60,J-034
ALB225-DLC,R1×10,1.5,60,J-034
ALB225-DLC,R1×20,1.5,60,J-034
ALB225-DLC,R1.5,6,60,J-034
ALB225-DLC,R1.5×15,2.5,60,J-034
ALB225-DLC,R1.5×30,2.5,70,J-034
ALB225-DLC,R2,8,70,J-034
ALB225-DLC,R2×20,3,80,J-034
ALB225-DLC,R2×40,3,90,J-034
ALB225-DLC,R2.5,10,80,J-034
ALB225-DLC,R2.5×25,3.5,80,J-034
ALB225-DLC,R2.5×50,3.5,100,J-034
ALB225-DLC,R3,12,90,J-034
ALB225-DLC,R3×30,6,90,J-034
ALB225-DLC,R3×60,6,120,J-034
ALB225-DLC,R4,16,90,J-034
ALB225-DLC,R5,20,100,J-034
ALB225-DLC,R6,24,110,J-034
DB,R0.5,2,45,R-108
DB,R0.75,3,45,R-108
DB,R1,4,60,R-108
DB,R1.25,5,60,R-108
DB,R1.5,6,60,R-108
DB,R1.75,7,60,R-108
DB,R2,8,60,R-108
DB,R2.5,10,60,R-108
DB,R3,12,80,R-108
DB,R4,16,90,R-108
DB,R5,20,100,R-108
DB,R6,24,110,R-108
DB,R8,32,150,R-108
DB,R10,40,170,R-108
DCMB,R0.1,0.15,45,N-008
DCMB,R0.1×0.5,0.12,45,N-008
DCMB,R0.2,0.3,45,N-008
DCMB,R0.2×1,0.25,45,N-008
DCMB,R0.3,0.45,45,N-008
DCMB,R0.3×1.5,0.35,45,N-008
DCMB,R0.5,0.75,45,N-008
DCMB,R0.5×2.5,0.6,45,N-008
DCMB,R0.75,1.1,45,N-008
DCMB,R0.75×3.8,0.9,45,N-008
DCMB,R1,1.5,45,N-008
DCMB,R1×5,1.2,45,N-008
DCRB230,R0.2×1,0.3,45,M-010
DCRB230,R0.2×2,0.3,45,M-010
DCRB230,R0.2×4,0.3,45,M-010
DCRB230,R0.2×6,0.3,45,M-010
DCRB230,R0.3×3,0.45,45,M-010
DCRB230,R0.3×6,0.45,45,M-010
DCRB230,R0.3×9,0.45,45,M-010
DCRB230,R0.3×12,0.45,45,M-010
DCRB230,R0.5×4,0.75,45,M-010
DCRB230,R0.5×6,0.75,45,M-010
DCRB230,R0.5×10,0.75,50,M-010
DCRB230,R0.5×16,0.75,50,M-010
DCRB230,R0.5×20,0.75,55,M-010
DCRB230,R1×6,1.5,45,M-010
DCRB230,R1×10,1.5,45,M-010
DCRB230,R1×16,1.5,50,M-010
DCRB230,R1×20,1.5,70,M-010
DCRB230,R1×30,1.5,70,M-010
DCRB230,R1.5×20,2.5,65,M-010
DCRB230,R1.5×40,2.5,90,M-010
DCRB230,R2×15,3,65,M-010
DCRB230,R2×30,3,70,M-010
DCRB230,R2×40,3,90,M-010
DCRB230,R3×30,6,80,M-010
DCRB230,R3×60,6,120,M-010
DHB,R0.5×4,1.5,50,R-110
DHB,R0.5×6,1.5,50,R-110
DHB,R0.5×10,1.5,50,R-110
DHB,R0.75×6,2.25,50,R-110
DHB,R0.75×10,2.25,50,R-110
DHB,R0.75×16,2.25,50,R-110
DHB,R1×8,3,50,R-110
DHB,R1×14,3,50,R-110
DHB,R1×20,3,50,R-110
DHB,R1.5×15,4.5,60,R-110
DHB,R1.5×25,4.5,60,R-110
DHB,R1.5×35,4.5,80,R-110
DHB,R2×20,6,60,R-110
DHB,R2×30,6,70,R-110
DHB,R2×40,6,90,R-110
DHB,R2.5×20,7.5,60,R-110
DHB,R2.5×30,7.5,70,R-110
DHB,R2.5×40,7.5,90,R-110
DHB,R3×20,9,60,R-110
DHB,R3×30,9,90,R-110
DHB,R3×50,9,110,R-110
DHB,R4×20,12,70,R-110
DHB,R4×40,12,100,R-110
DHB,R4×60,12,120,R-110
DHB,R5×30,15,90,R-110
DHB,R5×50,15,120,R-110
DHB,R5×70,15,140,R-110
DHB,R6×40,18,110,R-110
DHB,R6×60,18,130,R-110
DHB,R6×80,18,160,R-110
DRB230,R0.05×0.3,0.07,45,K-010
DRB230,R0.05×0.5,0.07,45,K-010
DRB230,R0.075×0.3,0.1,45,K-010
DRB230,R0.075×0.5,0.1,45,K-010
DRB230,R0.075×1,0.1,45,K-010
DRB230,R0.1×0.5,0.15,45,K-010
DRB230,R0.1×0.75,0.15,45,K-010
DRB230,R0.1×1,0.15,45,K-010
DRB230,R0.1×1.5,0.15,45,K-010
DRB230,R0.1×2,0.15,45,K-010
DRB230,R0.15×0.5,0.2,45,K-010
DRB230,R0.15×1,0.2,45,K-010
DRB230,R0.15×1.5,0.2,45,K-010
DRB230,R0.15×2,0.2,45,K-010
DRB230,R0.2×0.5,0.3,45,K-010
DRB230,R0.2×1,0.3,45,K-010
DRB230,R0.2×1.5,0.3,45,K-010
DRB230,R0.2×2,0.3,45,K-010
DRB230,R0.2×3,0.3,45,K-010
DRB230,R0.2×4,0.3,45,K-010
DRB230,R0.2×5,0.3,45,K-010
DRB230,R0.2×6,0.3,45,K-010
DRB230,R0.25×1,0.35,45,K-011
DRB230,R0.25×1.5,0.35,45,K-011
DRB230,R0.25×2,0.35,45,K-011
DRB230,R0.25×3,0.35,45,K-011
DRB230,R0.25×4,0.35,45,K-011
DRB230,R0.25×5,0.35,45,K-011
DRB230,R0.25×6,0.35,45,K-011
DRB230,R0.3×1,0.45,45,K-011
DRB230,R0.3×1.5,0.45,45,K-011
DRB230,R0.3×2,0.45,45,K-011
DRB230,R0.3×3,0.45,45,K-011
DRB230,R0.3×4,0.45,45,K-011
DRB230,R0.3×5,0.45,45,K-011
DRB230,R0.3×6,0.45,45,K-011
DRB230,R0.3×8,0.45,45,K-011
DRB230,R0.3×10,0.45,50,K-011
DRB230,R0.4×1.5,0.6,45,K-011
DRB230,R0.4×2,0.6,45,K-011
DRB230,R0.4×3,0.6,45,K-011
DRB230,R0.4×4,0.6,45,K-011
DRB230,R0.4×5,0.6,45,K-011
DRB230,R0.4×6,0.6,45,K-011
DRB230,R0.4×8,0.6,45,K-011
DRB230,R0.4×10,0.6,50,K-011
DRB230,R0.5×2,0.75,45,K-011
DRB230,R0.5×3,0.75,45,K-011
DRB230,R0.5×4,0.75,45,K-011
DRB230,R0.5×5,0.75,45,K-011
DRB230,R0.5×6,0.75,45,K-011
DRB230,R0.5×8,0.75,45,K-011
DRB230,R0.5×10,0.75,45,K-011
DRB230,R0.5×12,0.75,45,K-011
DRB230,R0.5×14,0.75,50,K-011
DRB230,R0.5×16,0.75,50,K-011
DRB230,R0.75×4,1.1,50,K-011
DRB230,R0.75×6,1.1,50,K-011
DRB230,R0.75×8,1.1,50,K-011
DRB230,R0.75×10,1.1,50,K-011
DRB230,R0.75×12,1.1,50,K-011
DRB230,R0.75×14,1.1,50,K-011
DRB230,R0.75×16,1.1,50,K-011
DRB230,R0.75×18,1.1,50,K-011
DRB230,R1×3,1.5,50,K-012
DRB230,R1×4,1.5,50,K-012
DRB230,R1×6,1.5,50,K-012
DRB230,R1×8,1.5,50,K-012
DRB230,R1×10,1.5,50,K-012
DRB230,R1×12,1.5,50,K-012
DRB230,R1×14,1.5,50,K-012
DRB230,R1×16,1.5,50,K-012
DRB230,R1×20,1.5,60,K-012
DRB230,R1×25,1.5,60,K-012
DRB230,R1.5×6,2.5,60,K-012
DRB230,R1.5×8,2.5,60,K-012
DRB230,R1.5×10,2.5,60,K-012
DRB230,R1.5×12,2.5,60,K-012
DRB230,R1.5×15,2.5,70,K-012
DRB230,R1.5×20,2.5,70,K-012
DRB230,R1.5×25,2.5,70,K-012
DRB230,R1.5×30,2.5,70,K-012
DRB230,R2×10,3,60,K-012
DRB230,R2×12,3,60,K-012
DRB230,R2×15,3,60,K-012
DRB230,R2×20,3,60,K-012
DRB230,R2×25,3,70,K-012
DRB230,R2×30,3,70,K-012
DRB230,R2×40,3,80,K-012
DRB230,R3×20,6,70,K-012
DRB230,R3×25,6,70,K-012
DRB230,R3×30,6,80,K-012
DRB230,R3×40,6,80,K-012
DRB230,R3×50,6,100,K-012
MACH225,R0.1×0.5,0.2,50,F-060
MACH225,R0.2×1,0.4,50,F-060
MACH225,R0.25×1.25,0.5,50,F-060
MACH225,R0.3×1.5,0.6,50,F-060
MACH225,R0.4×2,0.8,50,F-060
MACH225,R0.5×2.5,1,50,F-060
MACH225,R0.5×4,1,50,F-060
MACH225,R0.5×6,1,50,F-060
MACH225,R0.75×3.8,1.5,50,F-060
MACH225,R1×5,2,50,F-060
MACH225,R1×6,2,50,F-060
MACH225,R1×8,2,50,F-060
MACH225,R1.5×8,3,60,F-060
MACH225,R1.5×10,3,60,F-060
MACH225,R1.5×15,3,60,F-060
MACH225,R2×10,4,60,F-060
MACH225,R2.5×12,5,60,F-060
MACH225,R3×15,6,60,F-060
MACH225SF,R0.1×0.5,0.2,35,F-058
MACH225SF,R0.2×1,0.4,35,F-058
MACH225SF,R0.3×1.5,0.6,35,F-058
MACH225SF,R0.4×2,0.8,35,F-058
MACH225SF,R0.5×2.5,1,40,F-058
MACH225SF,R0.6×3,1.2,40,F-058
MACH225SF,R0.75×3.8,1.5,40,F-058
MACH225SF,R1×5,2,40,F-058
MACH225SF,R1.5×8,3,40,F-058
MACH225SF,R2×10,4,40,F-058
MACH225SF,R2.5×12,5,45,F-058
MACH225SF,R3×15,6,45,F-058
MRB230,R0.05×0.3,0.07,45,G-106
MRB230,R0.05×0.5,0.07,45,G-106
MRB230,R0.075×0.3,0.1,45,G-106
MRB230,R0.075×0.5,0.1,45,G-106
MRB230,R0.075×1,0.1,45,G-106
MRB230,R0.1×0.5,0.15,45,G-106
MRB230,R0.1×0.5,0.15,50,G-106
MRB230,R0.1×0.75,0.15,45,G-106
MRB230,R0.1×1,0.15,45,G-106
MRB230,R0.1×1,0.15,50,G-106
MRB230,R0.1×1.25,0.15,45,G-106
MRB230,R0.1×1.5,0.15,45,G-106
MRB230,R0.1×1.5,0.15,50,G-106
MRB230,R0.1×1.75,0.15,45,G-106
MRB230,R0.1×2,0.15,45,G-106
MRB230,R0.1×2,0.15,50,G-106
MRB230,R0.1×2.5,0.15,45,G-106
MRB230,R0.1×3,0.15,45,G-106
MRB230,R0.15×0.5,0.2,45,G-106
MRB230,R0.15×0.6,0.2,45,G-106
MRB230,R0.15×0.75,0.2,45,G-106
MRB230,R0.15×1,0.2,45,G-106
MRB230,R0.15×1,0.2,50,G-106
MRB230,R0.15×1.25,0.2,45,G-106
MRB230,R0.15×1.5,0.2,45,G-106
MRB230,R0.15×1.5,0.2,50,G-106
MRB230,R0.15×1.75,0.2,45,G-106
MRB230,R0.15×2,0.2,45,G-106
MRB230,R0.15×2,0.2,50,G-106
MRB230,R0.15×2.25,0.2,45,G-106
MRB230,R0.15×2.5,0.2,45,G-106
MRB230,R0.15×2.75,0.2,45,G-106
MRB230,R0.15×3,0.2,45,G-107
MRB230,R0.15×3.5,0.2,45,G-107
MRB230,R0.15×4,0.2,45,G-107
MRB230,R0.15×4.5,0.2,45,G-107
MRB230,R0.15×5,0.2,45,G-107
MRB230,R0.2×0.5,0.3,45,G-107
MRB230,R0.2×0.75,0.3,45,G-107
MRB230,R0.2×1,0.3,45,G-107
MRB230,R0.2×1,0.3,50,G-107
MRB230,R0.2×1.5,0.3,45,G-107
MRB230,R0.2×1.5,0.3,50,G-107
MRB230,R0.2×2,0.3,45,G-107
MRB230,R0.2×2,0.3,50,G-107
MRB230,R0.2×2.5,0.3,45,G-107
MRB230,R0.2×2.5,0.3,50,G-107
MRB230,R0.2×3,0.3,45,G-107
MRB230,R0.2×3,0.3,50,G-107
MRB230,R0.2×3.5,0.3,45,G-107
MRB230,R0.2×4,0.3,45,G-107
MRB230,R0.2×4.5,0.3,45,G-107
MRB230,R0.2×5,0.3,45,G-107
MRB230,R0.2×5.5,0.3,45,G-107
MRB230,R0.2×6,0.3,45,G-107
MRB230,R0.25×1,0.35,45,G-107
MRB230,R0.25×1.5,0.35,45,G-107
MRB230,R0.25×1.5,0.35,50,G-107
MRB230,R0.25×2,0.35,45,G-107
MRB230,R0.25×2,0.35,50,G-107
MRB230,R0.25×2.5,0.35,45,G-107
MRB230,R0.25×3,0.35,45,G-107
MRB230,R0.25×3.5,0.35,45,G-107
MRB230,R0.25×4,0.35,45,G-107
MRB230,R0.25×4,0.35,50,G-107
MRB230,R0.25×4.5,0.35,45,G-107
MRB230,R0.25×5,0.35,45,G-107
MRB230,R0.25×5,0.35,50,G-107
MRB230,R0.25×5.5,0.35,45,G-107
MRB230,R0.25×6,0.35,45,G-107
MRB230,R0.25×6,0.35,50,G-107
MRB230,R0.25×7,0.35,45,G-107
MRB230,R0.25×8,0.35,45,G-107
MRB230,R0.25×8,0.35,50,G-107
MRB230,R0.25×9,0.35,55,G-107
MRB230,R0.25×10,0.35,55,G-107
MRB230,R0.3×1,0.45,45,G-108
MRB230,R0.3×1.5,0.45,45,G-108
MRB230,R0.3×2,0.45,45,G-108
MRB230,R0.3×2,0.45,50,G-108
MRB230,R0.3×2.5,0.45,45,G-108
MRB230,R0.3×3,0.45,45,G-108
MRB230,R0.3×3,0.45,50,G-108
MRB230,R0.3×3.5,0.45,45,G-108
MRB230,R0.3×4,0.45,45,G-108
MRB230,R0.3×4,0.45,50,G-108
MRB230,R0.3×4.5,0.45,45,G-108
MRB230,R0.3×5,0.45,45,G-108
MRB230,R0.3×5.5,0.45,45,G-108
MRB230,R0.3×6,0.45,45,G-108
MRB230,R0.3×6,0.45,50,G-108
MRB230,R0.3×6.5,0.45,45,G-108
MRB230,R0.3×7,0.45,45,G-108
MRB230,R0.3×7.5,0.45,45,G-108
MRB230,R0.3×8,0.45,45,G-108
MRB230,R0.3×8,0.45,50,G-108
MRB230,R0.3×8.5,0.45,45,G-108
MRB230,R0.3×9,0.45,45,G-108
MRB230,R0.3×9.5,0.45,45,G-108
MRB230,R0.3×10,0.45,45,G-108
MRB230,R0.3×10,0.45,50,G-108
MRB230,R0.3×11,0.45,45,G-108
MRB230,R0.3×12,0.45,45,G-108
MRB230,R0.35×2,0.5,45,G-108
MRB230,R0.35×4,0.5,45,G-108
MRB230,R0.35×6,0.5,45,G-108
MRB230,R0.35×8,0.5,45,G-108
MRB230,R0.4×2,0.6,45,G-108
MRB230,R0.4×2,0.6,50,G-108
MRB230,R0.4×3,0.6,45,G-108
MRB230,R0.4×3,0.6,50,G-108
MRB230,R0.4×4,0.6,45,G-108
MRB230,R0.4×4,0.6,50,G-108
MRB230,R0.4×5,0.6,45,G-108
MRB230,R0.4×6,0.6,45,G-108
MRB230,R0.4×6,0.6,50,G-108
MRB230,R0.4×7,0.6,45,G-108
MRB230,R0.4×8,0.6,45,G-108
MRB230,R0.4×8,0.6,50,G-108
MRB230,R0.4×9,0.6,45,G-108
MRB230,R0.4×10,0.6,45,G-109
MRB230,R0.4×10,0.6,50,G-109
MRB230,R0.4×12,0.6,45,G-109
MRB230,R0.45×2,0.65,45,G-109
MRB230,R0.45×4,0.65,45,G-109
MRB230,R0.45×6,0.65,45,G-109
MRB230,R0.45×8,0.65,45,G-109
MRB230,R0.5×2,0.75,45,G-109
MRB230,R0.5×2.5,0.75,45,G-109
MRB230,R0.5×3,0.75,45,G-109
MRB230,R0.5×3,0.75,50,G-109
MRB230,R0.5×4,0.75,45,G-109
MRB230,R0.5×4,0.75,50,G-109
MRB230,R0.5×5,0.75,45,G-109
MRB230,R0.5×5,0.75,50,G-109
MRB230,R0.5×6,0.75,45,G-109
MRB230,R0.5×6,0.75,50,G-109
MRB230,R0.5×7,0.75,45,G-109
MRB230,R0.5×8,0.75,45,G-109
MRB230,R0.5×8,0.75,50,G-109
MRB230,R0.5×9,0.75,45,G-109
MRB230,R0.5×10,0.75,45,G-109
MRB230,R0.5×10,0.75,50,G-109
MRB230,R0.5×12,0.75,45,G-109
MRB230,R0.5×12,0.75,50,G-109
MRB230,R0.5×13,0.75,45,G-109
MRB230,R0.5×14,0.75,50,G-109
MRB230,R0.5×16,0.75,50,G-109
MRB230,R0.5×16,0.75,60,G-109
MRB230,R0.5×18,0.75,55,G-109
MRB230,R0.5×20,0.75,55,G-109
MRB230,R0.5×20,0.75,60,G-109
MRB230,R0.5×22,0.75,60,G-109
MRB230,R0.6×2.4,0.9,45,G-109
MRB230,R0.6×4,0.9,45,G-109
MRB230,R0.6×6,0.9,45,G-109
MRB230,R0.6×6,0.9,50,G-109
MRB230,R0.6×8,0.9,45,G-109
MRB230,R0.6×8,0.9,50,G-109
MRB230,R0.6×10,0.9,45,G-109
MRB230,R0.6×10,0.9,50,G-109
MRB230,R0.6×12,0.9,45,G-109
MRB230,R0.6×12,0.9,50,G-109
MRB230,R0.6×14,0.9,50,G-109
MRB230,R0.6×16,0.9,50,G-110
MRB230,R0.6×16,0.9,60,G-110
MRB230,R0.6×18,0.9,55,G-110
MRB230,R0.6×20,0.9,55,G-110
MRB230,R0.6×24,0.9,60,G-110
MRB230,R0.7×8,1,45,G-110
MRB230,R0.7×12,1,50,G-110
MRB230,R0.7×16,1,50,G-110
MRB230,R0.75×3,1.1,45,G-110
MRB230,R0.75×4,1.1,45,G-110
MRB230,R0.75×6,1.1,45,G-110
MRB230,R0.75×8,1.1,45,G-110
MRB230,R0.75×8,1.1,50,G-110
MRB230,R0.75×10,1.1,45,G-110
MRB230,R0.75×12,1.1,45,G-110
MRB230,R0.75×12,1.1,50,G-110
MRB230,R0.75×14,1.1,50,G-110
MRB230,R0.75×16,1.1,50,G-110
MRB230,R0.75×16,1.1,60,G-110
MRB230,R0.75×18,1.1,55,G-110
MRB230,R0.75×20,1.1,55,G-110
MRB230,R0.75×20,1.1,60,G-110
MRB230,R0.75×22,1.1,55,G-110
MRB230,R0.75×30,1.1,70,G-110
MRB230,R0.8×4,1.2,45,G-110
MRB230,R0.8×8,1.2,45,G-110
MRB230,R0.8×12,1.2,45,G-110
MRB230,R0.8×16,1.2,50,G-110
MRB230,R0.8×20,1.2,55,G-110
MRB230,R0.9×8,1.3,45,G-110
MRB230,R0.9×12,1.3,45,G-110
MRB230,R0.9×16,1.3,50,G-110
MRB230,R0.9×20,1.3,55,G-110
MRB230,R1×3,1.5,45,G-110
MRB230,R1×4,1.5,45,G-110
MRB230,R1×4,1.5,50,G-110
MRB230,R1×6,1.5,45,G-110
MRB230,R1×6,1.5,50,G-110
MRB230,R1×8,1.5,45,G-110
MRB230,R1×8,1.5,50,G-110
MRB230,R1×10,1.5,45,G-110
MRB230,R1×10,1.5,50,G-110
MRB230,R1×12,1.5,45,G-110
MRB230,R1×12,1.5,50,G-110
MRB230,R1×13,1.5,45,G-111
MRB230,R1×14,1.5,50,G-111
MRB230,R1×16,1.5,50,G-111
MRB230,R1×16,1.5,60,G-111
MRB230,R1×18,1.5,55,G-111
MRB230,R1×20,1.5,55,G-111
MRB230,R1×20,1.5,60,G-111
MRB230,R1×22,1.5,60,G-111
MRB230,R1×25,1.5,65,G-111
MRB230,R1×25,1.5,80,G-111
MRB230,R1×30,1.5,70,G-111
MRB230,R1×30,1.5,80,G-111
MRB230,R1×35,1.5,70,G-111
MRB230,R1×35,1.5,80,G-111
MRB230,R1×40,1.5,90,G-111
MRB230,R1.25×6,2.3,45,G-111
MRB230,R1.25×10,2.3,45,G-111
MRB230,R1.25×15,2.3,50,G-111
MRB230,R1.25×20,2.3,55,G-111
MRB230,R1.25×25,2.3,65,G-111
MRB230,R1.25×30,2.3,70,G-111
MRB230,R1.25×35,2.3,70,G-111
MRB230,R1.5×6,2.5,60,G-111
MRB230,R1.5×8,2.5,60,G-111
MRB230,R1.5×10,2.5,60,G-111
MRB230,R1.5×12,2.5,60,G-111
MRB230,R1.5×14,2.5,60,G-111
MRB230,R1.5×15,2.5,60,G-111
MRB230,R1.5×16,2.5,60,G-111
MRB230,R1.5×20,2.5,65,G-111
MRB230,R1.5×25,2.5,65,G-111
MRB230,R1.5×30,2.5,70,G-111
MRB230,R1.5×35,2.5,80,G-111
MRB230,R1.5×40,2.5,90,G-111
MRB230,R1.75×10,2.8,60,G-111
MRB230,R1.75×15,2.8,60,G-111
MRB230,R1.75×20,2.8,65,G-111
MRB230,R1.75×25,2.8,65,G-111
MRB230,R1.75×30,2.8,70,G-111
MRB230,R1.75×35,2.8,80,G-111
MRB230,R1.75×40,2.8,90,G-111
MRB230,R1.75×45,2.8,90,G-111
MRB230,R2×10,3,65,G-112
MRB230,R2×12,3,65,G-112
MRB230,R2×14,3,65,G-112
MRB230,R2×15,3,65,G-112
MRB230,R2×16,3,65,G-112
MRB230,R2×20,3,65,G-112
MRB230,R2×25,3,70,G-112
MRB230,R2×30,3,70,G-112
MRB230,R2×35,3,80,G-112
MRB230,R2×40,3,85,G-112
MRB230,R2×45,3,90,G-112
MRB230,R2×50,3,100,G-112
MRB230,R2.5×10,3.5,70,G-112
MRB230,R2.5×15,3.5,70,G-112
MRB230,R2.5×20,3.5,70,G-112
MRB230,R2.5×25,3.5,70,G-112
MRB230,R2.5×30,3.5,80,G-112
MRB230,R2.5×35,3.5,80,G-112
MRB230,R2.5×40,3.5,90,G-112
MRB230,R2.5×45,3.5,100,G-112
MRB230,R2.5×50,3.5,100,G-112
MRB230,R3×10,6,70,G-112
MRB230,R3×15,6,70,G-112
MRB230,R3×20,6,70,G-112
MRB230,R3×25,6,70,G-112
MRB230,R3×30,6,80,G-112
MRB230,R3×35,6,80,G-112
MRB230,R3×40,6,90,G-112
MRB230,R3×45,6,100,G-112
MRB230,R3×50,6,120,G-112
MRB230SF,R0.1×0.5,0.15,35,G-118
MRB230SF,R0.1×0.75,0.15,35,G-118
MRB230SF,R0.1×1,0.15,35,G-118
MRB230SF,R0.1×1.25,0.15,35,G-118
MRB230SF,R0.15×0.5,0.2,35,G-118
MRB230SF,R0.15×0.6,0.2,35,G-118
MRB230SF,R0.15×0.75,0.2,35,G-118
MRB230SF,R0.15×1,0.2,35,G-118
MRB230SF,R0.15×1.25,0.2,35,G-118
MRB230SF,R0.15×1.5,0.2,35,G-118
MRB230SF,R0.15×1.75,0.2,35,G-118
MRB230SF,R0.2×0.75,0.3,35,G-118
MRB230SF,R0.2×1,0.3,35,G-118
MRB230SF,R0.2×1.5,0.3,35,G-118
MRB230SF,R0.2×2,0.3,35,G-118
MRB230SF,R0.2×2.5,0.3,35,G-118
MRB230SF,R0.25×1,0.35,35,G-118
MRB230SF,R0.25×1.5,0.35,35,G-118
MRB230SF,R0.25×2,0.35,35,G-118
MRB230SF,R0.25×2.5,0.35,35,G-118
MRB230SF,R0.25×3,0.35,35,G-118
MRB230SF,R0.3×1.5,0.45,35,G-118
MRB230SF,R0.3×2,0.45,35,G-118
MRB230SF,R0.3×2.5,0.45,35,G-118
MRB230SF,R0.3×3,0.45,35,G-118
MRB230SF,R0.3×3.5,0.45,35,G-118
MRB230SF,R0.3×4,0.45,40,G-118
MRB230SF,R0.3×4.5,0.45,40,G-118
MRB230SF,R0.3×5,0.45,40,G-118
MRB230SF,R0.3×5.5,0.45,40,G-118
MRB230SF,R0.3×6,0.45,40,G-118
MRB230SF,R0.4×2,0.6,35,G-119
MRB230SF,R0.4×3,0.6,35,G-119
MRB230SF,R0.4×4,0.6,40,G-119
MRB230SF,R0.4×5,0.6,40,G-119
MRB230SF,R0.5×3,0.75,35,G-119
MRB230SF,R0.5×4,0.75,35,G-119
MRB230SF,R0.5×5,0.75,40,G-119
MRB230SF,R0.5×6,0.75,40,G-119
MRB230SF,R0.5×8,0.75,40,G-119
MRB230SF,R0.5×10,0.75,40,G-119
MRB230SF,R0.75×3,1.1,35,G-119
MRB230SF,R0.75×4,1.1,35,G-119
MRB230SF,R0.75×6,1.1,40,G-119
MRB230SF,R0.75×8,1.1,40,G-119
MRB230SF,R0.75×10,1.1,40,G-119
MRB230SF,R1×3,1.5,35,G-119
MRB230SF,R1×4,1.5,35,G-119
MRB230SF,R1×6,1.5,35,G-119
MRB230SF,R1×8,1.5,40,G-119
MRB230SF,R1×10,1.5,40,G-119
MRB230SF,R1×12,1.5,45,G-119
MRB230SF,R1×14,1.5,45,G-119
MRB230SF,R1×16,1.5,45,G-119
MRB230SF,R1×18,1.5,50,G-119
MRB230SF,R1×20,1.5,50,G-119
MRB230SF,R1.5×6,2.5,40,G-119
MRB230SF,R1.5×8,2.5,40,G-119
MRB230SF,R1.5×10,2.5,40,G-119
MRB230SF,R1.5×12,2.5,40,G-119
MRBH230,R0.05×0.2,0.07,45,F-048
MRBH230,R0.05×0.3,0.07,45,F-048
MRBH230,R0.05×0.5,0.07,45,F-048
MRBH230,R0.075×0.3,0.1,45,F-048
MRBH230,R0.075×0.5,0.1,45,F-048
MRBH230,R0.075×1,0.1,45,F-048
MRBH230,R0.1×0.3,0.15,45,F-048
MRBH230,R0.1×0.5,0.15,45,F-048
MRBH230,R0.1×0.75,0.15,45,F-048
MRBH230,R0.1×1,0.15,45,F-048
MRBH230,R0.1×1,0.15,50,F-048
MRBH230,R0.1×1.25,0.15,45,F-048
MRBH230,R0.1×1.5,0.15,45,F-048
MRBH230,R0.1×1.75,0.15,45,F-048
MRBH230,R0.1×2,0.15,45,F-048
MRBH230,R0.1×2.5,0.15,45,F-048
MRBH230,R0.1×3,0.15,45,F-048
MRBH230,R0.15×0.5,0.2,45,F-048
MRBH230,R0.15×0.6,0.2,45,F-048
MRBH230,R0.15×0.75,0.2,45,F-048
MRBH230,R0.15×1,0.2,45,F-048
MRBH230,R0.15×1.25,0.2,45,F-048
MRBH230,R0.15×1.5,0.2,45,F-048
MRBH230,R0.15×1.5,0.2,50,F-048
MRBH230,R0.15×1.75,0.2,45,F-048
MRBH230,R0.15×2,0.2,45,F-048
MRBH230,R0.15×2.25,0.2,45,F-048
MRBH230,R0.15×2.5,0.2,45,F-048
MRBH230,R0.15×3,0.2,45,F-048
MRBH230,R0.15×3.5,0.2,45,F-048
MRBH230,R0.15×4,0.2,45,F-048
MRBH230,R0.2×0.5,0.3,45,F-049
MRBH230,R0.2×0.8,0.3,45,F-049
MRBH230,R0.2×1,0.3,45,F-049
MRBH230,R0.2×1,0.3,50,F-049
MRBH230,R0.2×1.5,0.3,45,F-049
MRBH230,R0.2×2,0.3,45,F-049
MRBH230,R0.2×2,0.3,50,F-049
MRBH230,R0.2×2.5,0.3,45,F-049
MRBH230,R0.2×3,0.3,45,F-049
MRBH230,R0.2×3.5,0.3,45,F-049
MRBH230,R0.2×4,0.3,45,F-049
MRBH230,R0.2×4.5,0.3,45,F-049
MRBH230,R0.2×5,0.3,45,F-049
MRBH230,R0.2×6,0.3,45,F-049
MRBH230,R0.25×1,0.35,45,F-049
MRBH230,R0.25×1.5,0.35,45,F-049
MRBH230,R0.25×2,0.35,45,F-049
MRBH230,R0.25×2.5,0.35,45,F-049
MRBH230,R0.25×3,0.35,45,F-049
MRBH230,R0.25×3.5,0.35,45,F-049
MRBH230,R0.25×4,0.35,45,F-049
MRBH230,R0.25×4.5,0.35,45,F-049
MRBH230,R0.25×5,0.35,45,F-049
MRBH230,R0.25×5.5,0.35,45,F-049
MRBH230,R0.25×6,0.35,45,F-049
MRBH230,R0.25×8,0.35,45,F-049
MRBH230,R0.25×10,0.35,45,F-049
MRBH230,R0.3×1,0.45,45,F-049
MRBH230,R0.3×1.5,0.45,45,F-049
MRBH230,R0.3×2,0.45,45,F-049
MRBH230,R0.3×2,0.45,50,F-049
MRBH230,R0.3×2.5,0.45,45,F-049
MRBH230,R0.3×3,0.45,45,F-049
MRBH230,R0.3×3,0.45,50,F-049
MRBH230,R0.3×3.5,0.45,45,F-049
MRBH230,R0.3×4,0.45,45,F-049
MRBH230,R0.3×4,0.45,50,F-049
MRBH230,R0.3×4.5,0.45,45,F-049
MRBH230,R0.3×5,0.45,45,F-049
MRBH230,R0.3×5.5,0.45,45,F-049
MRBH230,R0.3×6,0.45,45,F-049
MRBH230,R0.3×7,0.45,45,F-050
MRBH230,R0.3×8,0.45,45,F-050
MRBH230,R0.3×9,0.45,45,F-050
MRBH230,R0.3×10,0.45,45,F-050
MRBH230,R0.3×12,0.45,45,F-050
MRBH230,R0.35×2,0.5,45,F-050
MRBH230,R0.35×4,0.5,45,F-050
MRBH230,R0.35×6,0.5,45,F-050
MRBH230,R0.35×8,0.5,45,F-050
MRBH230,R0.4×2,0.6,45,F-050
MRBH230,R0.4×2,0.6,50,F-050
MRBH230,R0.4×3,0.6,45,F-050
MRBH230,R0.4×4,0.6,45,F-050
MRBH230,R0.4×5,0.6,45,F-050
MRBH230,R0.4×6,0.6,45,F-050
MRBH230,R0.4×7,0.6,45,F-050
MRBH230,R0.4×8,0.6,45,F-050
MRBH230,R0.4×10,0.6,45,F-050
MRBH230,R0.4×12,0.6,45,F-050
MRBH230,R0.45×2,0.65,45,F-050
MRBH230,R0.45×4,0.65,45,F-050
MRBH230,R0.45×6,0.65,45,F-050
MRBH230,R0.45×8,0.65,45,F-050
MRBH230,R0.5×2,0.75,45,F-050
MRBH230,R0.5×2.5,0.75,45,F-050
MRBH230,R0.5×3,0.75,45,F-050
MRBH230,R0.5×3,0.75,50,F-050
MRBH230,R0.5×4,0.75,45,F-050
MRBH230,R0.5×4,0.75,50,F-050
MRBH230,R0.5×5,0.75,45,F-050
MRBH230,R0.5×5,0.75,50,F-050
MRBH230,R0.5×6,0.75,45,F-050
MRBH230,R0.5×6,0.75,50,F-050
MRBH230,R0.5×7,0.75,45,F-050
MRBH230,R0.5×7,0.75,50,F-050
MRBH230,R0.5×8,0.75,45,F-050
MRBH230,R0.5×8,0.75,50,F-050
MRBH230,R0.5×9,0.75,45,F-050
MRBH230,R0.5×10,0.75,45,F-051
MRBH230,R0.5×10,0.75,50,F-051
MRBH230,R0.5×12,0.75,45,F-051
MRBH230,R0.5×13,0.75,45,F-051
MRBH230,R0.5×14,0.75,50,F-051
MRBH230,R0.5×16,0.75,50,F-051
MRBH230,R0.5×18,0.75,55,F-051
MRBH230,R0.5×20,0.75,55,F-051
MRBH230,R0.5×22,0.75,60,F-051
MRBH230,R0.6×2.4,0.9,45,F-051
MRBH230,R0.6×4,0.9,45,F-051
MRBH230,R0.6×6,0.9,45,F-051
MRBH230,R0.6×8,0.9,45,F-051
MRBH230,R0.6×10,0.9,45,F-051
MRBH230,R0.6×12,0.9,45,F-051
MRBH230,R0.6×14,0.9,50,F-051
MRBH230,R0.6×16,0.9,50,F-051
MRBH230,R0.7×8,1,45,F-051
MRBH230,R0.7×12,1,50,F-051
MRBH230,R0.7×16,1,50,F-051
MRBH230,R0.75×3,1.1,45,F-051
MRBH230,R0.75×4,1.1,45,F-051
MRBH230,R0.75×6,1.1,45,F-051
MRBH230,R0.75×6,1.1,50,F-051
MRBH230,R0.75×8,1.1,45,F-051
MRBH230,R0.75×8,1.1,50,F-051
MRBH230,R0.75×10,1.1,45,F-051
MRBH230,R0.75×12,1.1,45,F-051
MRBH230,R0.75×14,1.1,50,F-051
MRBH230,R0.75×16,1.1,50,F-051
MRBH230,R0.75×18,1.1,55,F-051
MRBH230,R0.75×20,1.1,55,F-051
MRBH230,R0.75×22,1.1,60,F-051
MRBH230,R0.75×30,1.1,70,F-051
MRBH230,R0.8×8,1.2,45,F-051
MRBH230,R0.8×12,1.2,45,F-051
MRBH230,R0.8×16,1.2,50,F-051
MRBH230,R0.8×20,1.2,55,F-051
MRBH230,R1×3,1.5,45,F-052
MRBH230,R1×4,1.5,45,F-052
MRBH230,R1×4,1.5,50,F-052
MRBH230,R1×6,1.5,45,F-052
MRBH230,R1×6,1.5,50,F-052
MRBH230,R1×8,1.5,45,F-052
MRBH230,R1×8,1.5,50,F-052
MRBH230,R1×10,1.5,45,F-052
MRBH230,R1×10,1.5,50,F-052
MRBH230,R1×12,1.5,45,F-052
MRBH230,R1×13,1.5,45,F-052
MRBH230,R1×14,1.5,50,F-052
MRBH230,R1×16,1.5,50,F-052
MRBH230,R1×16,1.5,60,F-052
MRBH230,R1×18,1.5,55,F-052
MRBH230,R1×20,1.5,55,F-052
MRBH230,R1×22,1.5,60,F-052
MRBH230,R1×25,1.5,65,F-052
MRBH230,R1×25,1.5,65,F-052
MRBH230,R1×30,1.5,70,F-052
MRBH230,R1×35,1.5,70,F-052
MRBH230,R1×40,1.5,90,F-052
MRBH230,R1.25×6,2.3,45,F-052
MRBH230,R1.25×8,2.3,45,F-052
MRBH230,R1.25×10,2.3,45,F-052
MRBH230,R1.25×15,2.3,50,F-052
MRBH230,R1.25×20,2.3,55,F-052
MRBH230,R1.25×25,2.3,65,F-052
MRBH230,R1.25×30,2.3,70,F-052
MRBH230,R1.25×35,2.3,70,F-052
MRBH230,R1.5×6,2.5,60,F-052
MRBH230,R1.5×8,2.5,60,F-052
MRBH230,R1.5×10,2.5,60,F-052
MRBH230,R1.5×12,2.5,60,F-052
MRBH230,R1.5×14,2.5,60,F-052
MRBH230,R1.5×16,2.5,60,F-052
MRBH230,R1.5×20,2.5,65,F-052
MRBH230,R1.5×25,2.5,65,F-052
MRBH230,R1.5×30,2.5,70,F-052
MRBH230,R1.5×35,2.5,80,F-052
MRBH230,R1.5×40,2.5,90,F-052
MRBH230,R1.75×15,2.8,60,F-053
MRBH230,R1.75×20,2.8,65,F-053
MRBH230,R1.75×25,2.8,65,F-053
MRBH230,R1.75×30,2.8,70,F-053
MRBH230,R1.75×35,2.8,80,F-053
MRBH230,R1.75×40,2.8,90,F-053
MRBH230,R1.75×45,2.8,90,F-053
MRBH230,R2×8,3,65,F-053
MRBH230,R2×10,3,65,F-053
MRBH230,R2×12,3,65,F-053
MRBH230,R2×14,3,65,F-053
MRBH230,R2×15,3,65,F-053
MRBH230,R2×20,3,65,F-053
MRBH230,R2×25,3,70,F-053
MRBH230,R2×30,3,70,F-053
MRBH230,R2×35,3,80,F-053
MRBH230,R2×40,3,85,F-053
MRBH230,R2×45,3,90,F-053
MRBH230,R2×50,3,100,F-053
MRBH230,R2.5×10,3.5,70,F-053
MRBH230,R2.5×15,3.5,70,F-053
MRBH230,R2.5×20,3.5,70,F-053
MRBH230,R2.5×25,3.5,70,F-053
MRBH230,R2.5×30,3.5,80,F-053
MRBH230,R2.5×40,3.5,90,F-053
MRBH230,R3×10,6,70,F-053
MRBH230,R3×15,6,70,F-053
MRBH230,R3×20,6,70,F-053
MRBH230,R3×25,6,70,F-053
MRBH230,R3×30,6,80,F-053
MRBH230,R3×35,6,85,F-053
MRBH230,R3×40,6,90,F-053
MRBH230,R3×50,6,120,F-053
MRBH230,R3×60,6,120,F-053
MRBLN230-6,R0.15×3,0.3,60,G-122
MRBLN230-6,R0.2×4,0.4,60,G-122
MRBLN230-6,R0.25×5,0.8,60,G-122
MRBLN230-6,R0.3×3,1,60,G-122
MRBLN230-6,R0.3×5,1,60,G-122
MRBLN230-6,R0.3×6,1,60,G-122
MRBLN230-6,R0.4×8,1.4,60,G-122
MRBLN230-6,R0.5×10,1.5,60,G-122
MRBLN230-6,R0.75×15,1.75,60,G-122
MRBLN230-6,R1×20,2,60,G-122
MRBSH230SF,R0.05×0.2,0.07,35,E-012
MRBSH230SF,R0.05×0.3,0.07,35,E-012
MRBSH230SF,R0.05×0.5,0.07,35,E-012
MRBSH230SF,R0.075×0.3,0.1,35,E-012
MRBSH230SF,R0.075×0.5,0.1,35,E-012
MRBSH230SF,R0.1×0.3,0.15,35,E-012
MRBSH230SF,R0.1×0.5,0.15,35,E-012
MRBSH230SF,R0.1×0.75,0.15,35,E-012
MRBSH230SF,R0.1×1,0.15,35,E-012
MRBSH230SF,R0.15×0.5,0.2,35,E-012
MRBSH230SF,R0.15×0.6,0.2,35,E-012
MRBSH230SF,R0.15×0.75,0.2,35,E-012
MRBSH230SF,R0.15×1,0.2,35,E-012
MRBSH230SF,R0.15×1.5,0.2,35,E-012
MRBSH230SF,R0.2×0.5,0.3,35,E-012
MRBSH230SF,R0.2×0.8,0.3,35,E-012
MRBSH230SF,R0.2×1,0.3,35,E-012
MRBSH230SF,R0.2×1.5,0.3,35,E-012
MRBSH230SF,R0.2×2,0.3,35,E-012
MRBSH230SF,R0.2×2.5,0.3,35,E-012
MRBSH230SF,R0.25×1,0.35,35,E-012
MRBSH230SF,R0.25×1.5,0.35,35,E-012
MRBSH230SF,R0.25×2,0.35,35,E-012
MRBSH230SF,R0.25×2.5,0.35,35,E-012
MRBSH230SF,R0.25×3,0.35,35,E-012
MRBSH230SF,R0.3×1,0.45,35,E-013
MRBSH230SF,R0.3×1.5,0.45,35,E-013
MRBSH230SF,R0.3×2,0.45,35,E-013
MRBSH230SF,R0.3×2.5,0.45,35,E-013
MRBSH230SF,R0.3×3,0.45,35,E-013
MRBSH230SF,R0.3×3.5,0.45,35,E-013
MRBSH230SF,R0.3×4,0.45,40,E-013
MRBSH230SF,R0.4×2,0.6,35,E-013
MRBSH230SF,R0.4×3,0.6,35,E-013
MRBSH230SF,R0.4×4,0.6,35,E-013
MRBSH230SF,R0.4×5,0.6,40,E-013
MRBSH230SF,R0.5×2,0.75,35,E-013
MRBSH230SF,R0.5×2.5,0.75,35,E-013
MRBSH230SF,R0.5×3,0.75,35,E-013
MRBSH230SF,R0.5×4,0.75,35,E-013
MRBSH230SF,R0.5×5,0.75,40,E-013
MRBSH230SF,R0.5×6,0.75,40,E-013
MRBSH230SF,R0.6×2.4,0.9,35,E-013
MRBSH230SF,R0.6×4,0.9,35,E-013
MRBSH230SF,R0.6×6,0.9,40,E-013
MRBSH230SF,R0.6×8,0.9,40,E-013
MRBSH230SF,R0.75×3,1.1,35,E-013
MRBSH230SF,R0.75×4,1.1,35,E-013
MRBSH230SF,R0.75×6,1.1,40,E-013
MRBSH230SF,R0.75×8,1.1,40,E-013
MRBSH230SF,R0.75×10,1.1,40,E-013
MRBSH230SF,R0.8×8,1.2,40,E-013
MRBSH230SF,R1×3,1.5,35,E-013
MRBSH230SF,R1×4,1.5,35,E-013
MRBSH230SF,R1×6,1.5,35,E-013
MRBSH230SF,R1×8,1.5,40,E-013
MRBSH230SF,R1×10,1.5,40,E-013
MRBSH230SF,R1×12,1.5,45,E-013
MRBSH230SF,R1.25×6,2.3,35,E-013
MRBSH230SF,R1.25×8,2.3,40,E-013
MRBSH230SF,R1.25×10,2.3,40,E-013
MRBSH230SF,R1.25×15,2.3,45,E-013
MRBSH230SF,R1.5×6,2.5,45,E-013
MRBSH230SF,R1.5×8,2.5,45,E-013
MRBSH230SF,R1.5×10,2.5,45,E-013
MRBSH230SF,R1.5×12,2.5,45,E-013
MRBSH230SF,R1.5×14,2.5,50,E-013
MRBSH230SF,R1.5×16,2.5,50,E-013
MRBSH230SF,R1.5×20,2.5,55,E-013
MRBSH230SF,R2×8,3,45,E-013
MRBSH230SF,R2×10,3,45,E-013
MRBSH230SF,R2×12,3,45,E-013
MRBSH230SF,R2×15,3,50,E-013
MRBSH230SF,R2×20,3,55,E-013
MRBSH230SF,R2×25,3,60,E-013
MRBSH230SF,R2.5×10,3.5,45,E-013
MRBSH230SF,R2.5×15,3.5,45,E-013
MRBSH230SF,R2.5×20,3.5,50,E-013
MRBSH230SF,R3×10,6,45,E-013
MRBSH230SF,R3×15,6,45,E-013
MRBSH230SF,R3×20,6,50,E-013
MRBSH230SF,R3×25,6,55,E-013
MRBSH230SF,R3×30,6,60,E-013
MRBSH330,R0.1×0.3,0.15,45,E-016
MRBSH330,R0.1×0.5,0.15,45,E-016
MRBSH330,R0.15×0.5,0.2,45,E-016
MRBSH330,R0.15×0.6,0.2,45,E-016
MRBSH330,R0.15×0.75,0.2,45,E-016
MRBSH330,R0.15×1,0.2,45,E-016
MRBSH330,R0.2×0.5,0.3,45,E-016
MRBSH330,R0.2×0.8,0.3,45,E-016
MRBSH330,R0.2×1,0.3,45,E-016
MRBSH330,R0.25×1,0.35,45,E-016
MRBSH330,R0.25×1.5,0.35,45,E-016
MRBSH330,R0.3×1,0.45,45,E-016
MRBSH330,R0.3×1.5,0.45,45,E-016
MRBSH330,R0.3×2,0.45,45,E-016
MRBSH330,R0.5×2,0.75,45,E-016
MRBSH330,R0.5×2.5,0.75,45,E-016
MRBSH330,R0.5×3,0.75,45,E-016
MRBSH330,R0.75×3,1.1,45,E-016
MRBSH330,R0.75×4,1.1,45,E-016
MRBSH330,R1×3,1.5,45,E-016
MRBSH330,R1×4,1.5,45,E-016
MRBSH330,R1×6,1.5,45,E-016
MRBTN230,R0.1×1,0.2,50,G-124
MRBTN230,R0.1×1.5,0.2,50,G-124
MRBTN230,R0.1×2,0.2,50,G-124
MRBTN230,R0.15×2,0.3,50,G-124
MRBTN230,R0.15×3,0.3,50,G-124
MRBTN230,R0.2×2,0.4,50,"G-124,G-125"
MRBTN230,R0.2×3,0.4,50,"G-124,G-125"
MRBTN230,R0.2×4,0.4,50,"G-124,G-125"
MRBTN230,R0.25×3,0.5,50,G-125
MRBTN230,R0.25×5,0.5,50,G-125
MRBTN230,R0.3×4,0.6,50,G-125
MRBTN230,R0.3×5,0.6,50,G-125
MRBTN230,R0.3×6,0.6,50,G-125
MRBTN230,R0.3×8,0.6,50,G-125
MRBTN230,R0.4×8,0.8,50,"G-125,G-126"
MRBTN230,R0.4×12,0.8,60,"G-125,G-126"
MRBTN230,R0.5×6,1,60,G-126
MRBTN230,R0.5×8,1,60,G-126
MRBTN230,R0.5×10,1,60,G-126
MRBTN230,R0.5×12,1,60,G-126
MRBTN230,R0.5×15,1,60,G-126
MRBTN230,R0.5×16,1,60,G-126
MRBTN230,R0.5×20,1,70,G-126
MRBTN230,R0.5×22,1,70,G-126
MRBTN230,R0.5×25,1,70,G-126
MRBTN230,R0.5×36,1,70,G-126
MRBTN230,R0.6×12,1.2,60,"G-126,G-127"
MRBTN230,R0.6×24,1.2,70,"G-126,G-127"
MRBTN230,R0.75×10,1.5,60,G-127
MRBTN230,R0.75×15,1.5,60,G-127
MRBTN230,R0.75×20,1.5,60,G-127
MRBTN230,R0.75×28.7,1.5,70,G-127
MRBTN230,R0.75×30,1.5,70,G-127
MRBTN230,R1×25,2,60,G-127
MRBTN230,R1×35,2,80,G-127
MRBTN230,R1×12,2,60,"G-127,G-128"
MRBTN230,R1×16,2,60,"G-127,G-128"
MRBTN230,R1×20,2,60,"G-127,G-128"
MRBTN230,R1×30,2,70,"G-127,G-128"
MRBTN230,R1×40,2,80,"G-127,G-128"
MRBTN230,R1×20,2,70,G-128
MRBTN230,R1×26.8,2,70,G-128
MRBTN230,R1×38.2,2,80,G-128
MRBTN230,R1.5×15,3,70,G-128
MRBTN230,R1.5×20,3,70,G-128
MRBTN230,R1.5×23.1,3,70,G-128
MRBTN230,R1.5×30,3,70,G-128
MRBTN230,R1.5×40,3,80,G-128
MRBTN230,R1.5×48.9,3,90,G-128
MRBTN230,R1.5×50,3,90,G-128
MRBTN230,R2×20,4,70,G-128
MRBTN230,R2×40,4,90,G-128
MRBTN230,R2×60,4,110,G-128
MRBTN230L,R0.1×2.5,0.2,50,G-134
MRBTN230L,R0.1×3,0.2,50,G-134
MRBTN230L,R0.15×4,0.3,50,G-134
MRBTN230L,R0.2×5,0.4,50,G-134
MRBTN230L,R0.2×6,0.4,50,G-134
MRBTN230L,R0.25×6,0.5,50,"G-134,G-135"
MRBTN230L,R0.25×7,0.5,50,"G-134,G-135"
MRBTN230L,R0.3×10,0.6,60,G-135
MRBTN230L,R0.3×12,0.6,60,G-135
MRBTN230L,R0.3×20,0.6,60,G-135
MRBTN230L,R0.4×16,0.8,60,G-135
MRBTN230L,R0.4×19.8,0.8,60,G-135
MRBTN230L,R0.4×20,0.8,60,G-135
MRBTN230L,R0.5×30,1,70,"G-135,G-136"
MRBTN230L,R0.5×50,1,90,"G-135,G-136"
MRBTN230L,R0.5×80,1,130,"G-135,G-136"
MRBTN230L,R0.5×30.5,1,70,G-136
MRBTN230L,R0.5×30.6,1,70,G-136
MRBTN230L,R0.5×49.7,1,90,G-136
MRBTN230L,R0.5×53.4,1,90,G-136
MRBTN230L,R0.5×73.5,1,130,G-136
MRBTN230L,R0.6×36,1.2,80,G-136
MRBTN230L,R0.6×41.2,1.2,90,G-136
MRBTN230L,R0.6×48,1.2,90,G-136
MRBTN230L,R0.75×45,1.5,90,G-136
MRBTN230L,R0.75×45.9,1.5,90,G-136
MRBTN230L,R0.75×60,1.5,110,G-136
MRBTN230L,R1×50,2,100,"G-136,G-137"
MRBTN230L,R1×80,2,130,"G-136,G-137"
MRBTN230L,R1×80.3,2,130,"G-136,G-137"
MRBTN230L,R1×49.7,2,100,G-137
MRBTN230L,R1.5×72.7,3,130,G-137
MRBTN230L,R1.5×77.5,3,130,G-137
MRBTN230L,R1.5×80,3,130,G-137
MRBTN230L,R2×60,4,110,G-137
MRBTN230L,R2×80,4,130,G-137
MRBTN230L,R2×84.3,4,130,G-137
MRBTN230L,R2.5×50,5,100,G-137
MRBTN230L,R2.5×52.9,5,100,G-137
MRBTN230L,R2.5×57.7,5,110,G-137
MRBTN230L,R2.5×80,5,130,G-137
MRBTN230L,R2.5×81.5,5,130,G-137
MRBTN230L,R3×69.2,6,130,G-137
MRBTN230L,R3×69.3,6,130,G-137
MRBTN230L,R3×88.3,6,140,G-137
MRBTN230L,R4×73.2,8,130,G-137
MRBTN230L,R4×80,8,130,G-137
MRBTN230L,R5×58.2,10,110,G-137
MRBTN230L,R5×77.2,10,130,G-137
MRBTNH230,R0.05×0.5,0.07,50,F-062
MRBTNH230,R0.05×0.75,0.07,50,F-062
MRBTNH230,R0.075×1,0.1,50,F-062
MRBTNH230,R0.075×1.5,0.1,50,F-062
MRBTNH230,R0.1×1.5,0.15,50,F-062
MRBTNH230,R0.1×2,0.15,50,F-062
MRBTNH230,R0.1×3,0.15,50,F-062
MRBTNH230,R0.1×5,0.15,50,F-062
MRBTNH230,R0.15×2,0.2,50,F-062
MRBTNH230,R0.15×3,0.2,50,F-062
MRBTNH230,R0.15×5,0.2,50,F-062
MRBTNH230,R0.15×7,0.2,50,F-062
MRBTNH230,R0.2×3,0.3,50,F-062
MRBTNH230,R0.2×4,0.3,50,F-062
MRBTNH230,R0.2×6,0.3,50,F-062
MRBTNH230,R0.2×5,0.3,50,F-063
MRBTNH230,R0.2×7,0.3,50,F-063
MRBTNH230,R0.25×4,0.35,50,F-063
MRBTNH230,R0.25×5,0.35,50,F-063
MRBTNH230,R0.3×4,0.45,50,F-063
MRBTNH230,R0.3×5,0.45,50,F-063
MRBTNH230,R0.3×6,0.45,50,F-063
MRBTNH230,R0.3×7,0.45,50,F-063
MRBTNH230,R0.3×8,0.45,50,F-063
MRBTNH230,R0.4×8,0.6,60,F-063
MRBTNH230,R0.4×12,0.6,60,F-063
MRBTNH230,R0.45×8,0.65,60,F-063
MRBTNH230,R0.45×12,0.65,60,F-063
MRBTNH230,R0.45×16,0.65,60,F-063
MRBTNH230,R0.5×6,0.75,60,"F-063,F-064"
MRBTNH230,R0.5×8,0.75,60,"F-063,F-064"
MRBTNH230,R0.5×10,0.75,60,"F-063,F-064"
MRBTNH230,R0.5×12,0.75,60,"F-063,F-064"
MRBTNH230,R0.5×16,0.75,60,"F-063,F-064"
MRBTNH230,R0.5×20,0.75,70,"F-063,F-064"
MRBTNH230,R0.5×25,0.75,70,F-064
MRBTNH230,R0.5×30,0.75,70,F-064
MRBTNH230,R0.6×6,0.9,60,F-064
MRBTNH230,R0.6×8,0.9,60,F-064
MRBTNH230,R0.6×10,0.9,60,F-064
MRBTNH230,R0.6×20,0.9,70,F-064
MRBTNH230,R0.6×30,0.9,70,F-064
MRBTNH230,R0.6×35,0.9,80,F-064
MRBTNH230,R0.75×10,1.1,60,F-064
MRBTNH230,R0.75×15,1.1,60,F-064
MRBTNH230,R0.75×20,1.1,70,F-064
MRBTNH230,R0.75×25,1.1,70,F-064
MRBTNH230,R0.75×30,1.1,70,F-064
MRBTNH230,R1×12,1.5,60,"F-064,F-065"
MRBTNH230,R1×16,1.5,60,"F-064,F-065"
MRBTNH230,R1×20,1.5,70,F-065
MRBTNH230,R1×25,1.5,70,F-065
MRBTNH230,R1×30,1.5,70,F-065
MRBTNH230,R1×35,1.5,80,F-065
MRBTNH230,R1×40,1.5,80,F-065
MRBTNH230,R1×50,1.5,90,F-065
MRBTNH230,R1.5×15,2.5,70,F-065
MRBTNH230,R1.5×20,2.5,70,F-065
MRBTNH230,R1.5×25,2.5,70,F-065
MRBTNH230,R1.5×30,2.5,70,F-065
MRBTNH230,R1.5×40,2.5,80,F-065
MRBTNH230,R1.5×50,2.5,90,F-065
MRBTNH230,R2×20,3,80,F-065
MRBTNH230,R2×30,3,80,F-065
MRBTNH230,R2×40,3,80,F-065
MRBTNH230,R2×50,3,90,F-065
MRBTNH230,R2×61.1,3,110,F-065
MRBTNH345,R0.5×12,0.75,60,F-070
MRBTNH345,R0.5×16,0.75,60,F-070
MRBTNH345,R0.5×20,0.75,70,F-070
MRBTNH345,R0.5×25,0.75,70,F-070
MRBTNH345,R0.5×30,0.75,70,F-070
MRBTNH345,R0.75×12,1.1,60,F-070
MRBTNH345,R0.75×16,1.1,60,F-070
MRBTNH345,R0.75×20,1.1,70,F-070
MRBTNH345,R0.75×25,1.1,70,F-070
MRBTNH345,R0.75×30,1.1,70,F-070
MRBTNH345,R1×12,1.5,60,F-071
MRBTNH345,R1×16,1.5,60,F-071
MRBTNH345,R1×20,1.5,70,F-071
MRBTNH345,R1×25,1.5,70,F-071
MRBTNH345,R1×30,1.5,70,F-071
MRBTNH345,R1×40,1.5,80,F-071
MRBTNH345,R1.5×15,4.5,70,F-071
MRBTNH345,R1.5×20,4.5,70,F-071
MRBTNH345,R1.5×25,4.5,70,F-071
MRBTNH345,R1.5×30,4.5,70,F-071
MRBTNH345,R1.5×40,4.5,80,F-071
MRBTNH345,R1.5×50,4.5,100,F-071
MRBTNH345,R2×30,6,80,F-071
MRBTNH345,R2×40,6,80,F-071
MRBTNH345,R2×50,6,100,F-071
MRBTNH345,R2×65.2,6,110,F-071
MSB230,R0.05,0.1,50,G-062
MSB230,R0.075,0.15,50,G-062
MSB230,R0.1,0.2,50,G-062
MSB230,R0.15,0.3,50,G-062
MSB230,R0.2,0.6,50,G-062
MSB230,R0.25,0.8,50,G-062
MSB230,R0.3,0.9,50,G-062
MSB230,R0.35,1.1,50,G-062
MSB230,R0.4,1.2,50,G-062
MSB230,R0.45,1.4,50,G-062
MSB230,R0.5,1.5,50,G-062
MSB230,R0.55,1.7,50,G-062
MSB230,R0.6,1.8,50,G-062
MSB230,R0.65,2,50,G-062
MSB230,R0.7,2.1,50,G-062
MSB230,R0.75,2.3,50,G-062
MSB230,R0.8,2.4,50,G-062
MSB230,R0.85,2.6,50,G-062
MSB230,R0.9,2.7,50,G-062
MSB230,R0.95,2.9,50,G-062
MSB230,R1,3,60,G-062
MSB230,R1.05,3.2,60,G-062
MSB230,R1.1,3.3,60,G-062
MSB230,R1.15,3.5,60,G-062
MSB230,R1.2,3.6,60,G-062
MSB230,R1.25,3.8,60,G-062
MSB230,R1.3,3.9,60,G-062
MSB230,R1.35,4.1,60,G-062
MSB230,R1.4,4.2,60,G-062
MSB230,R1.45,4.4,60,G-062
MSB230,R1.5,5,60,G-062
MSB230,R1.55,5,60,G-062
MSB230,R1.6,5,60,G-062
MSB230,R1.65,5,60,G-062
MSB230,R1.7,5.1,60,G-062
MSB230,R1.75,5.3,60,G-062
MSB230,R1.8,5.4,60,G-063
MSB230,R1.85,5.6,60,G-063
MSB230,R1.9,5.7,60,G-063
MSB230,R1.95,5.9,60,G-063
MSB230,R2,6,70,G-063
MSB230,R2.05,6.2,70,G-063
MSB230,R2.1,6.3,70,G-063
MSB230,R2.15,6.5,70,G-063
MSB230,R2.2,6.6,70,G-063
MSB230,R2.25,6.8,70,G-063
MSB230,R2.3,6.9,70,G-063
MSB230,R2.35,7.1,70,G-063
MSB230,R2.4,7.2,70,G-063
MSB230,R2.45,7.4,70,G-063
MSB230,R2.5,8,70,G-063
MSB230,R2.55,8,70,G-063
MSB230,R2.6,8,70,G-063
MSB230,R2.65,8,70,G-063
MSB230,R2.7,8.1,70,G-063
MSB230,R2.75,8.3,70,G-063
MSB230,R2.8,8.4,70,G-063
MSB230,R2.85,8.6,70,G-063
MSB230,R2.9,8.7,70,G-063
MSB230,R2.95,8.9,70,G-063
MSB230,R3,10,80,G-063
MSB230,R3.5,10.5,80,G-063
MSB230,R4,12,90,G-063
MSB230,R4.5,13.5,90,G-063
MSB230,R5,15,100,G-063
MSB230,R5.5,16.5,100,G-063
MSB230,R6,20,110,G-063
MSB230,R7,21,160,G-063
MSB230,R8,25,160,G-063
MSB230,R9,27,170,G-063
MSB230,R10,30,170,G-063
MSB230G2,R0.05,0.1,50,G-068
MSB230G2,R0.1,0.2,50,G-068
MSB230G2,R0.15,0.3,50,G-068
MSB230G2,R0.2,0.6,50,G-068
MSB230G2,R0.25,0.8,50,G-068
MSB230G2,R0.3,0.9,50,G-068
MSB230G2,R0.4,1.2,50,G-068
MSB230G2,R0.5,1.5,50,G-068
MSB230G2,R0.75,2.3,50,G-068
MSB230G2,R1,3,60,G-068
MSB230G2,R1.5,5,60,G-068
MSB230G2,R2,6,70,G-068
MSB230G2,R2.5,8,70,G-068
MSB230G2,R3,10,80,G-068
MSB230S,R0.1,0.2,50,G-070
MSB230S,R0.15,0.3,50,G-070
MSB230S,R0.2,0.4,50,G-070
MSB230S,R0.25,0.5,50,G-070
MSB230S,R0.3,0.6,50,G-070
MSB230S,R0.35,0.7,50,G-070
MSB230S,R0.4,0.8,50,G-070
MSB230S,R0.45,0.9,50,G-070
MSB230S,R0.5,1,50,G-070
MSB230S,R0.6,1.2,50,G-070
MSB230S,R0.7,1.4,50,G-070
MSB230S,R0.75,1.5,50,G-070
MSB230S,R0.8,1.6,50,G-070
MSB230S,R0.9,1.8,50,G-070
MSB230S,R1,2,60,G-070
MSB230S,R1.25,2.5,60,G-070
MSB230S,R1.5,3,60,G-070
MSB230S,R1.75,3.5,60,G-070
MSB230S,R2,4,60,G-070
MSB230S,R2.5,5,70,G-070
MSB230S,R3,6,80,G-070
MSB230S,R4,8,90,G-070
MSB230S,R5,10,100,G-070
MSB230S,R6,12,110,G-070
MSB230SF,R0.1,0.2,35,G-074
MSB230SF,R0.2,0.4,35,G-074
MSB230SF,R0.3,0.6,35,G-074
MSB230SF,R0.4,0.8,35,G-074
MSB230SF,R0.5,1,40,G-074
MSB230SF,R0.6,1.2,40,G-074
MSB230SF,R0.75,1.5,40,G-074
MSB230SF,R1,2,40,G-074
MSB230SF,R1.5,3,40,G-074
MSB230SF,R2,4,40,G-074
MSB230SF,R2.5,5,50,G-074
MSB230SF,R3,6,50,G-074
MSB230SF,R4,8,60,G-074
MSB230SF,R5,10,60,G-074
MSB230SF,R6,12,60,G-074
MSB345,R0.5,1.5,60,G-066
MSB345,R0.6,2,60,G-066
MSB345,R0.7,3,60,G-066
MSB345,R0.8,3,60,G-066
MSB345,R0.9,3,60,G-066
MSB345,R1,3,60,G-066
MSB345,R1.1,3.5,60,G-066
MSB345,R1.2,4,60,G-066
MSB345,R1.3,4,60,G-066
MSB345,R1.4,5,60,G-066
MSB345,R1.5,5,60,G-066
MSB345,R1.6,5,60,G-066
MSB345,R1.7,6,60,G-066
MSB345,R1.8,6,60,G-066
MSB345,R1.9,6,60,G-066
MSB345,R2,6,70,G-066
MSB345,R2.1,7,70,G-066
MSB345,R2.2,7,70,G-066
MSB345,R2.3,7,70,G-066
MSB345,R2.4,8,70,G-066
MSB345,R2.5,8,70,G-066
MSB345,R2.6,8,70,G-066
MSB345,R2.7,9,70,G-066
MSB345,R2.8,9,70,G-066
MSB345,R2.9,9,70,G-066
MSB345,R3,10,80,G-066
MSB345,R3.1,10,90,G-066
MSB345,R3.2,10,90,G-066
MSB345,R3.3,10,90,G-066
MSB345,R3.4,11,90,G-066
MSB345,R3.5,11,90,G-066
MSB345,R3.6,11,90,G-066
MSB345,R3.7,12,90,G-066
MSB345,R3.8,12,90,G-066
MSB345,R3.9,12,90,G-066
MSB345,R4,12,90,G-066
MSB345,R4.1,13,100,G-066
MSB345,R4.2,13,100,G-066
MSB345,R4.3,13,100,G-066
MSB345,R4.4,14,100,G-066
MSB345,R4.5,14,100,G-066
MSB345,R4.6,14,100,G-066
MSB345,R4.7,15,100,G-066
MSB345,R4.8,15,100,G-066
MSB345,R4.9,15,100,G-066
MSB345,R5,15,100,G-066
MSB345,R5.1,16,110,G-066
MSB345,R5.2,16,110,G-066
MSB345,R5.3,16,110,G-066
MSB345,R5.4,17,110,G-066
MSB345,R5.5,17,110,G-066
MSB345,R5.6,17,110,G-066
MSB345,R5.7,18,110,G-066
MSB345,R5.8,18,110,G-066
MSB345,R5.9,18,110,G-066
MSB345,R6,20,110,G-066
MSBH230,R0.05,0.1,50,F-030
MSBH230,R0.075,0.15,50,F-030
MSBH230,R0.1,0.2,50,F-030
MSBH230,R0.15,0.3,50,F-030
MSBH230,R0.2,0.6,50,F-030
MSBH230,R0.25,0.8,50,F-030
MSBH230,R0.3,0.9,50,F-030
MSBH230,R0.4,1.2,50,F-030
MSBH230,R0.5,1.5,50,F-030
MSBH230,R0.75,2.3,50,F-030
MSBH230,R1,3,60,F-030
MSBH230,R1.25,3.8,60,F-030
MSBH230,R1.5,5,60,F-030
MSBH230,R2,6,70,F-030
MSBH230,R2.5,8,70,F-030
MSBH230,R3,10,80,F-030
MSBH230,R4,12,90,F-030
MSBH230,R5,15,100,F-030
MSBH230,R6,20,100,F-030
MSBH345,R0.5,1.5,60,F-032
MSBH345,R0.6,2,60,F-032
MSBH345,R0.7,3,60,F-032
MSBH345,R0.8,3,60,F-032
MSBH345,R0.9,3,60,F-032
MSBH345,R1,3,60,F-032
MSBH345,R1.1,3.5,60,F-032
MSBH345,R1.2,4,60,F-032
MSBH345,R1.3,4,60,F-032
MSBH345,R1.4,5,60,F-032
MSBH345,R1.5,5,60,F-032
MSBH345,R1.6,5,60,F-032
MSBH345,R1.7,6,60,F-032
MSBH345,R1.8,6,60,F-032
MSBH345,R1.9,6,60,F-032
MSBH345,R2,6,70,F-032
MSBH345,R2.1,7,70,F-032
MSBH345,R2.2,7,70,F-032
MSBH345,R2.3,7,70,F-032
MSBH345,R2.4,8,70,F-032
MSBH345,R2.5,8,70,F-032
MSBH345,R2.6,8,70,F-032
MSBH345,R2.7,9,70,F-032
MSBH345,R2.8,9,70,F-032
MSBH345,R2.9,9,70,F-032
MSBH345,R3,10,80,F-032
MSBL230,R0.1,0.5,70,G-078
MSBL230,R0.15,0.75,70,G-078
MSBL230,R0.2,1,70,G-078
MSBL230,R0.25,1.25,70,G-078
MSBL230,R0.3,1.5,70,G-078
MSBL230,R0.35,1.75,70,G-078
MSBL230,R0.4,2,70,G-078
MSBL230,R0.45,2.25,70,G-078
MSBL230,R0.5,2.5,70,G-078
MSBL230,R0.55,2.75,70,G-078
MSBL230,R0.6,3,70,G-078
MSBL230,R0.65,3.25,70,G-078
MSBL230,R0.7,3.5,70,G-078
MSBL230,R0.75,3.75,70,G-078
MSBL230,R0.8,4,70,G-078
MSBL230,R0.85,4.25,70,G-078
MSBL230,R0.9,4.5,70,G-078
MSBL230,R0.95,4.75,70,G-078
MSBL230,R1,5,70,G-078
MSBL230,R1.1,5.5,80,G-078
MSBL230,R1.2,6,80,G-078
MSBL230,R1.25,6.25,80,G-078
MSBL230,R1.3,6.5,80,G-078
MSBL230,R1.4,7,80,G-078
MSBL230,R1.5,7.5,80,G-078
MSBL230,R1.6,8,120,G-078
MSBL230,R1.7,8.5,120,G-078
MSBL230,R1.8,9,120,G-078
MSBL230,R1.9,9.5,120,G-078
MSBL230,R2,10,120,G-078
MSBL230,R2.1,10.5,150,G-078
MSBL230,R2.2,11,150,G-078
MSBL230,R2.3,11.5,150,G-078
MSBL230,R2.4,12,150,G-078
MSBL230,R2.5,12.5,150,G-078
MSBL230,R2.6,13,150,G-078
MSBL230,R2.7,13.5,150,G-078
MSBL230,R2.8,14,150,G-078
MSBL230,R2.9,14.5,150,G-078
MSBL230,R3,15,150,G-078
MSBL230,R4,20,160,G-078
MSBL230,R5,25,200,G-078
MSBSH330-5X,R0.1,0.12,50,E-010
MSBSH330-5X,R0.15,0.18,50,E-010
MSBSH330-5X,R0.2,0.24,50,E-010
MSBSH330-5X,R0.25,0.3,50,E-010
MSBSH330-5X,R0.3,0.36,50,E-010
MSBSH330-5X,R0.5,0.6,50,E-010
MSBSH330-5X,R0.75,0.9,50,E-010
MSBSH330-5X,R1,1.2,50,E-010
MSBXL230,R0.5,2.5,100,G-079
MSBXL230,R1,5,100,G-079
MSBXL230,R1.5,7.5,120,G-079
MSBXL230,R2,10,150,G-079
MSBXL230,R2.5,12.5,180,G-079
MSBXL230,R3,15,180,G-079
MSBXL230,R4,20,200,G-079
MSBXL230,R5,25,250,G-079
NCB-2,R0.2,0.8,35,R-058
NCB-2,R0.25,1,35,R-058
NCB-2,R0.3,1.2,35,R-058
NCB-2,R0.35,1.4,35,R-058
NCB-2,R0.4,1.6,35,R-058
NCB-2,R0.45,1.8,35,R-058
NCB-2,R0.5,2,35,R-058
NCB-2,R0.6,2.4,35,R-058
NCB-2,R0.7,2.8,35,R-058
NCB-2,R0.75,3,35,R-058
NCB-2,R0.8,3.2,35,R-058
NCB-2,R0.9,3.6,35,R-058
NCB-2X,R0.2,0.8,35,S-010
NCB-2X,R0.25,1,35,S-010
NCB-2X,R0.3,1.2,35,S-010
NCB-2X,R0.35,1.4,35,S-010
NCB-2X,R0.4,1.6,35,S-010
NCB-2X,R0.45,1.8,35,S-010
NCB-2X,R0.5,2,35,S-010
NCB-2X,R0.6,2.4,35,S-010
NCB-2X,R0.7,2.8,35,S-010
NCB-2X,R0.75,3,35,S-010
NCB-2X,R0.8,3.2,35,S-010
NCB-2X,R0.9,3.6,35,S-010
NHB-2,R0.4×6,0.6,45,R-066
NHB-2,R0.4×8,0.6,45,R-066
NHB-2,R0.5×8,0.75,45,R-066
NHB-2,R0.5×12,0.75,45,R-066
NHB-2,R0.6×8,0.9,45,R-066
NHB-2,R0.6×12,0.9,45,R-066
NHB-2,R0.7×8,1,45,R-066
NHB-2,R0.7×12,1,45,R-066
NHB-2,R0.7×16,1,50,R-066
NHB-2,R0.75×8,1.1,45,R-066
NHB-2,R0.75×12,1.1,45,R-066
NHB-2,R0.75×16,1.1,50,R-066
NHB-2,R0.75×20,1.1,55,R-066
NHB-2,R0.8×8,1.2,45,R-066
NHB-2,R0.8×12,1.2,45,R-066
NHB-2,R0.8×16,1.2,50,R-066
NHB-2,R0.8×20,1.2,55,R-066
NHB-2,R0.9×8,1.3,45,R-066
NHB-2,R0.9×12,1.3,45,R-066
NHB-2,R0.9×16,1.3,50,R-066
NHB-2,R0.9×20,1.3,55,R-066
NHB-2,R1×8,1.5,45,R-066
NHB-2,R1×12,1.5,45,R-066
NHB-2,R1×16,1.5,50,R-066
NHB-2,R1×20,1.5,55,R-066
NHB-2,R1.5×10,2.5,60,R-066
NHB-2,R1.5×15,2.5,60,R-066
NHB-2,R1.5×20,2.5,65,R-066
NHB-2,R1.5×25,2.5,65,R-066
NHB-2,R2×15,3,65,R-067
NHB-2,R2×20,3,65,R-067
NHB-2,R2×25,3,70,R-067
NHB-2,R2×30,3,70,R-067
NHB-2,R2.5×20,3.5,70,R-067
NHB-2,R2.5×25,3.5,70,R-067
NHB-2,R2.5×30,3.5,80,R-067
NHB-2,R2.5×35,3.5,80,R-067
NHB-2,R3×30,6,80,R-067
NHB-2,R3×50,6,120,R-067
NHB-2,R4×40,8,90,R-067
NHB-2,R4×60,8,130,R-067
NHB-2,R5×50,10,100,R-067
NHB-2,R5×70,10,150,R-067
NLBL-2,R0.5,5,50,R-064
NLBL-2,R0.75,8,50,R-064
NLBL-2,R1,10,100,R-064
NLBL-2,R1.25,13,100,R-064
NLBL-2,R1.5,10,60,R-064
NLBL-2,R1.5,15,100,R-064
NLBL-2,R1.75,10,60,R-064
NLBL-2,R1.75,18,100,R-064
NLBL-2,R2,10,60,R-064
NLBL-2,R2,15,80,R-064
NLBL-2,R2,20,100,R-064
NLBL-2,R2.25,22,100,R-064
NLBL-2,R2.5,15,60,R-064
NLBL-2,R2.5,20,80,R-064
NLBL-2,R2.5,25,100,R-064
NLBL-2,R2.75,28,100,R-064
NLBL-2,R3,20,100,R-064
NLBL-2,R3,30,150,R-064
NLBL-2,R3.5,20,90,R-064
NLBL-2,R3.5,35,150,R-064
NLBL-2,R4,20,90,R-064
NLBL-2,R4,40,150,R-064
NLBL-2,R4.5,25,100,R-064
NLBL-2,R4.5,45,150,R-064
NLBL-2,R5,30,100,R-065
NLBL-2,R5,40,150,R-065
NLBL-2,R5,50,200,R-065
NLBL-2,R5.5,30,110,R-065
NLBL-2,R5.5,50,150,R-065
NLBL-2,R6,30,110,R-065
NLBL-2,R6,55,150,R-065
NLBL-2,R6.5,30,120,R-065
NLBL-2,R6.5,55,150,R-065
NLBL-2,R7,30,140,R-065
NLBL-2,R7,55,200,R-065
NLBL-2,R7.5,35,160,R-065
NLBL-2,R7.5,60,200,R-065
NLBL-2,R8,35,160,R-065
NLBL-2,R8,50,200,R-065
NLBL-2,R8,60,230,R-065
NLBL-2,R8.5,35,160,R-065
NLBL-2,R8.5,60,200,R-065
NLBL-2,R9,40,170,R-065
NLBL-2,R9,70,250,R-065
NLBL-2,R9.5,40,170,R-065
NLBL-2,R9.5,70,250,R-065
NLBL-2,R10,40,170,R-065
NLBL-2,R10,55,200,R-065
NLBL-2,R10,70,250,R-065
NSB-2,R1,3,60,R-060
NSB-2,R1.25,3.5,60,R-060
NSB-2,R1.5,4,60,R-060
NSB-2,R1.75,5,60,R-060
NSB-2,R2,6,60,R-060
NSB-2,R2.5,8,60,R-060
NSB-2,R3,10,80,R-060
NSB-2,R3.5,13,90,R-060
NSB-2,R4,13,90,R-060
NSB-2,R4.5,15,100,R-060
NSB-2,R5,15,100,R-060
NSB-2,R5.5,15,110,R-060
NSB-2,R6,15,110,R-060
NSB-2,R7,20,160,R-060
NSB-2,R8,20,160,R-060
NSB-2,R9,25,170,R-060
NSB-2,R10,25,170,R-060
NSB-2X,R1,3,60,S-012
NSB-2X,R1.05,3.5,60,S-012
NSB-2X,R1.1,3.5,60,S-012
NSB-2X,R1.15,3.5,60,S-012
NSB-2X,R1.2,3.5,60,S-012
NSB-2X,R1.25,3.5,60,S-012
NSB-2X,R1.3,4,60,S-012
NSB-2X,R1.35,4,60,S-012
NSB-2X,R1.4,4,60,S-012
NSB-2X,R1.45,4,60,S-012
NSB-2X,R1.5,4,60,S-012
NSB-2X,R1.55,5,60,S-012
NSB-2X,R1.6,5,60,S-012
NSB-2X,R1.65,5,60,S-012
NSB-2X,R1.7,5,60,S-012
NSB-2X,R1.75,5,60,S-012
NSB-2X,R1.8,6,60,S-012
NSB-2X,R1.85,6,60,S-012
NSB-2X,R1.9,6,60,S-012
NSB-2X,R1.95,6,60,S-012
NSB-2X,R2,6,60,S-012
NSB-2X,R2.05,8,60,S-012
NSB-2X,R2.1,8,60,S-012
NSB-2X,R2.15,8,60,S-012
NSB-2X,R2.2,8,60,S-012
NSB-2X,R2.25,8,60,S-012
NSB-2X,R2.3,8,60,S-012
NSB-2X,R2.35,8,60,S-012
NSB-2X,R2.4,8,60,S-012
NSB-2X,R2.45,8,60,S-012
NSB-2X,R2.5,8,60,S-012
NSB-2X,R2.55,10,80,S-012
NSB-2X,R2.6,10,80,S-012
NSB-2X,R2.65,10,80,S-012
NSB-2X,R2.7,10,80,S-012
NSB-2X,R2.75,10,80,S-013
NSB-2X,R2.8,10,80,S-013
NSB-2X,R2.85,10,80,S-013
NSB-2X,R2.9,10,80,S-013
NSB-2X,R2.95,10,80,S-013
NSB-2X,R3,10,80,S-013
NSB-2X,R3.1,13,90,S-013
NSB-2X,R3.2,13,90,S-013
NSB-2X,R3.3,13,90,S-013
NSB-2X,R3.4,13,90,S-013
NSB-2X,R3.5,13,90,S-013
NSB-2X,R3.6,13,90,S-013
NSB-2X,R3.7,13,90,S-013
NSB-2X,R3.8,13,90,S-013
NSB-2X,R3.9,13,90,S-013
NSB-2X,R4,13,90,S-013
NSB-2X,R4.1,15,100,S-013
NSB-2X,R4.2,15,100,S-013
NSB-2X,R4.3,15,100,S-013
NSB-2X,R4.4,15,100,S-013
NSB-2X,R4.5,15,100,S-013
NSB-2X,R4.6,15,100,S-013
NSB-2X,R4.7,15,100,S-013
NSB-2X,R4.8,15,100,S-013
NSB-2X,R4.9,15,100,S-013
NSB-2X,R5,15,100,S-013
NSB-2X,R5.1,15,110,S-013
NSB-2X,R5.2,15,110,S-013
NSB-2X,R5.3,15,110,S-013
NSB-2X,R5.4,15,110,S-013
NSB-2X,R5.5,15,110,S-013
NSB-2X,R5.6,15,110,S-013
NSB-2X,R5.7,15,110,S-013
NSB-2X,R5.8,15,110,S-013
NSB-2X,R5.9,15,110,S-013
NSB-2X,R6,15,110,S-013
NSB-2X,R6.5,20,110,S-013
NSB-2X,R7,20,160,S-013
NSB-2X,R7.5,20,160,S-013
NSB-2X,R8,20,160,S-013
NSB-2X,R8.5,25,170,S-013
NSB-2X,R9,25,170,S-013
NSB-2X,R9.5,25,170,S-013
NSB-2X,R10,25,170,S-013
NSBL-2,R3,15,120,R-062
NSBL-2,R4,20,130,R-062
NSBL-2,R5,25,150,R-062
NSBL-2,R6,30,180,R-062
NSBL-2,R8,40,200,R-062
NSBL-2,R10,50,220,R-062
NSMB100,R0.005,0.01,45,D-014
NSMB100,R0.01,0.02,45,D-014
NSMB100,R0.015,0.03,45,D-014
NSMB100,R0.02,0.04,45,D-014
NSMB100,R0.025,0.05,45,D-014
NSMB100,R0.03,0.06,45,D-014
NSMB100,R0.04,0.08,45,D-014
NSMB100,R0.05,0.1,45,D-014
PCDRB,R0.05×0.15,0.05,48,C-008
PCDRB,R0.05×0.25,0.05,48,C-008
PCDRB,R0.075×0.23,0.075,48,C-008
PCDRB,R0.075×0.38,0.075,48,C-008
PCDRB,R0.1×0.5,0.1,48,C-008
PCDRB,R0.2×1,0.2,48,C-008
PCDRB,R0.3×1.5,0.3,48,C-008
PCDRB,R0.5×2.5,0.5,50,C-008
PCDRB,R0.75×3.8,0.75,48,C-008
PCDRB,R1×5,1,48,C-008
RSB230,R0.1,0.6,50,L-022
RSB230,R0.1,1,50,L-022
RSB230,R0.1×2,0.6,50,L-022
RSB230,R0.15,0.9,50,L-022
RSB230,R0.15,1.5,50,L-022
RSB230,R0.15×3,0.9,50,L-022
RSB230,R0.2,1.2,50,L-022
RSB230,R0.2,2,50,L-022
RSB230,R0.2×4,1.2,50,L-022
RSB230,R0.2×5,1.2,50,L-022
RSB230,R0.25,1.5,50,L-022
RSB230,R0.25,2.5,50,L-022
RSB230,R0.25,5,50,L-022
RSB230,R0.25×10,1.5,50,L-022
RSB230,R0.25×15,1.5,50,L-022
RSB230,R0.25×20,1.5,60,L-022
RSB230,R0.3,1.8,50,L-022
RSB230,R0.3,3,50,L-022
RSB230,R0.3×6,1.8,50,L-022
RSB230,R0.3×10,1.8,50,L-022
RSB230,R0.4,2.4,50,L-022
RSB230,R0.4,4,50,L-022
RSB230,R0.4×8,2.4,50,L-022
RSB230,R0.4×12,2.4,50,L-022
RSB230,R0.5,3,50,L-022
RSB230,R0.5,5,50,L-022
RSB230,R0.5,10,50,L-022
RSB230,R0.5×10,3,50,L-022
RSB230,R0.5×15,3,60,L-023
RSB230,R0.5×20,3,60,L-023
RSB230,R0.5×30,3,70,L-023
RSB230,R0.75,4.5,50,L-023
RSB230,R0.75,7.5,50,L-023
RSB230,R0.75,15,60,L-023
RSB230,R0.75×15,4.5,60,L-023
RSB230,R0.75×30,4.5,70,L-023
RSB230,R0.75×45,4.5,90,L-023
RSB230,R1,6,50,L-023
RSB230,R1,10,50,L-023
RSB230,R1,20,60,L-023
RSB230,R1×20,6,60,L-023
RSB230,R1×30,6,80,L-023
RSB230,R1×50,6,110,L-023
RSB230,R1×70,6,110,L-023
RSB230,R1.5,9,50,L-023
RSB230,R1.5,9,100,L-023
RSB230,R1.5,15,60,L-023
RSB230,R1.5×30,9,70,L-023
RSB230,R1.5×45,9,90,L-023
RSB230,R1.5×60,9,110,L-023
RSB230,R2,12,50,L-023
RSB230,R2,12,120,L-023
RSB230,R2,20,60,L-023
RSB230,R2×30,12,70,L-023
RSB230,R2×40,12,90,L-023
RSB230,R2×70,12,120,L-023
RSB230,R2.5,15,70,L-023
RSB230,R2.5,25,80,L-023
RSB230,R3,18,80,L-023
RSB230,R3,30,90,L-023
RSB230,R3×40,18,100,L-023
RSB230,R3×60,18,120,L-023
RSB230,R3×80,18,130,L-023
SFB200,R0.1×0.5,0.15,50,B-014
SFB200,R0.2×1,0.3,50,B-014
SFB200,R0.25×1.25,0.38,50,B-014
SFB200,R0.3×1.5,0.5,50,B-014
SFB200,R0.4×2,0.6,50,B-014
SFB200,R0.5×2.5,0.7,50,B-014
SFB200,R0.6×3,0.8,50,B-014
SFB200,R0.7×3.5,1,52,B-014
SFB200,R0.75×3.8,1,52,B-014
SFB200,R0.8×4,1,52,B-014
SFB200,R0.9×4.5,1.2,52,B-014
SFB200,R1×5,1.2,52,B-014
SMB120,R0.01,0.02,50,"B-012,D-012"
SMB120,R0.015,0.03,50,"B-012,D-012"
SMB120,R0.02,0.04,50,"B-012,D-012"
SMB120,R0.025,0.05,50,"B-012,D-012"
SMB120,R0.03,0.06,50,"B-012,D-012"
SMB120,R0.04,0.08,50,"B-012,D-012"
SMB120,R0.05,0.1,50,"B-012,D-012"
SSB200,R0.1×0.3,0.15,50,B-018
SSB200,R0.15×0.3,0.23,50,B-018
SSB200,R0.15×0.5,0.23,50,B-018
SSB200,R0.15×0.75,0.23,50,B-018
SSB200,R0.2×0.5,0.3,50,B-018
SSB200,R0.2×0.75,0.3,50,B-018
SSB200,R0.2×1,0.3,50,B-018
SSB200,R0.25×1,0.38,50,B-018
SSB200,R0.3×1.5,0.5,50,B-018
SSB200,R0.4×2,0.6,50,B-018
SSB200,R0.5×2.5,0.7,50,B-018
SSB200,R0.6×3,0.8,50,B-018
SSB200,R0.75×3.8,1,52,B-018
SSB200,R1×4,1.2,52,B-018
SSB200,R1×5,1.2,52,B-018
SSBL200,R0.05×0.3,0.08,50,B-022
SSBL200,R0.05×0.5,0.08,50,B-022
SSBL200,R0.075×0.45,0.12,50,B-022
SSBL200,R0.075×0.75,0.12,50,B-022
SSBL200,R0.1×0.6,0.15,50,B-022
SSBL200,R0.1×1,0.15,50,B-022
SSBL200,R0.15×0.9,0.23,50,B-022
SSBL200,R0.15×1.5,0.23,50,B-022
SSBL200,R0.2×1.2,0.3,50,B-022
SSBL200,R0.2×2,0.3,50,B-022
SSBL200,R0.25×1.5,0.38,50,B-022
SSBL200,R0.25×2.5,0.38,50,B-022
SSBL200,R0.3×3,0.5,50,B-022
SSBL200,R0.3×4,0.5,52,B-022
SSBL200,R0.3×5,0.5,52,B-022
SSBL200,R0.4×4,0.6,53,B-022
SSBL200,R0.5×4,0.7,53,B-022
SSBL200,R0.5×5,0.7,53,B-022
SSBL200,R0.5×6,0.7,53,B-022
SSBL200,R0.5×8,0.7,53,B-022
SSBL200,R0.5×10,0.7,53,B-022
SSBL200,R0.75×7.5,1,52,B-022
SSBL200,R1×6,1.2,52,B-022
SSBL200,R1×8,1.2,52,B-022
SSBL200,R1×10,1.2,52,B-022
SSPB220,R0.1×0.3,0.15,50,B-016
SSPB220,R0.1×0.6,0.15,50,B-016
SSPB220,R0.15×0.3,0.23,50,B-016
SSPB220,R0.15×0.5,0.23,50,B-016
SSPB220,R0.15×0.75,0.23,50,B-016
SSPB220,R0.2×0.5,0.3,50,B-016
SSPB220,R0.2×0.75,0.3,50,B-016
SSPB220,R0.2×1,0.3,50,B-016
SSPB220,R0.2×1.2,0.3,50,B-016
SSPB220,R0.25×1,0.38,50,B-016
SSPB220,R0.3×1.2,0.5,50,B-016
SSPB220,R0.3×1.5,0.5,50,B-016
SSPB220,R0.4×1.6,0.6,50,B-016
SSPB220,R0.4×2,0.6,50,B-016
SSPB220,R0.5×2,0.7,50,B-016
SSPB220,R0.5×2.5,0.7,50,B-016
SSPB220,R0.6×2.4,0.8,50,B-016
SSPB220,R0.6×3,0.8,50,B-016
SSPB220,R0.75×3,1,52,B-016
SSPB220,R0.75×3.8,1,52,B-016
SSPB220,R1×4,1.2,52,B-016
SSPB220,R1×5,1.2,52,B-016
SSPB220,R1.5×6,1.8,50,B-016
SSPB220,R1.5×9,1.8,70,B-016
SSPB220,R2×8,2.4,50,B-016
SSPB220,R2×12,2.4,70,B-016
SSPB220,R2.5×10,3,60,B-016
SSPB220,R2.5×15,3,80,B-016
SSPB220,R3×12,3.6,60,B-016
SSPB220,R3×18,3.6,80,B-016
SSPBL220,R0.1×1,0.15,50,B-020
SSPBL220,R0.15×0.9,0.23,50,B-020
SSPBL220,R0.15×1.5,0.23,50,B-020
SSPBL220,R0.2×2,0.3,50,B-020
SSPBL220,R0.2×3,0.3,52,B-020
SSPBL220,R0.25×1.5,0.38,50,B-020
SSPBL220,R0.25×2.5,0.38,50,B-020
SSPBL220,R0.25×3.5,0.38,52,B-020
SSPBL220,R0.3×3,0.5,50,B-020
SSPBL220,R0.3×4,0.5,53,B-020
SSPBL220,R0.3×5,0.5,53,B-020
SSPBL220,R0.3×6,0.5,53,B-020
SSPBL220,R0.4×4,0.6,53,B-020
SSPBL220,R0.4×6,0.6,53,B-020
SSPBL220,R0.5×4,0.7,51,B-020
SSPBL220,R0.5×6,0.7,53,B-020
SSPBL220,R0.5×8,0.7,53,B-020
SSPBL220,R0.5×10,0.7,53,B-020
SSPBL220,R0.6×6,0.8,53,B-020
SSPBL220,R0.75×7.5,1,52,B-020
SSPBL220,R0.75×10,1,52,B-020
SSPBL220,R0.75×15,1,52,B-020
SSPBL220,R1×6,1.2,53,B-020
SSPBL220,R1×8,1.2,53,B-020
SSPBL220,R1×10,1.2,53,B-020
SSPBL220,R1×14,1.2,53,B-020
SSPBL220,R1×20,1.2,53,B-020
SSPBTN220,R0.1×1.5,0.15,50,B-024
SSPBTN220,R0.1×2,0.15,50,B-024
SSPBTN220,R0.15×2,0.23,50,B-024
SSPBTN220,R0.15×3,0.23,52,B-024
SSPBTN220,R0.2×3,0.3,50,B-024
SSPBTN220,R0.2×4,0.3,52,B-024
SSPBTN220,R0.25×4,0.38,52,B-025
SSPBTN220,R0.25×5,0.38,52,B-025
SSPBTN220,R0.3×5,0.5,53,B-025
SSPBTN220,R0.3×6,0.5,53,B-025
SSPBTN220,R0.5×8,0.7,53,B-025
SSPBTN220,R0.5×10,0.7,53,B-025
SSPBTN220,R0.75×10,1,52,B-025
SSPBTN220,R0.75×15,1,52,B-025
SSPBTN220,R1×16,1.2,53,B-025
SSPBTN220,R1×20,1.2,53,B-025
