NSME100,φ0.01,0.01,45,D-008
NSME100,φ0.02,0.02,45,D-008
NSME100,φ0.03,0.03,45,D-008
SMEZ120,φ0.03,0.03,50,"B-006,D-006"
NSME230,φ0.03,0.045,45,D-010
NSME100,φ0.04,0.04,45,D-008
SMEZ120,φ0.04,0.04,50,"B-006,D-006"
NSME230,φ0.04,0.06,45,D-010
NSME100,φ0.05,0.05,45,D-008
SMEZ120,φ0.05,0.05,50,"B-006,D-006"
NSME230,φ0.05,0.075,45,D-010
SMEZ120,φ0.06,0.06,50,"B-006,D-006"
NSME230,φ0.06,0.09,45,D-010
SMEZ120,φ0.07,0.07,50,"B-006,D-006"
NSME230,φ0.07,0.105,45,D-010
SMEZ120,φ0.08,0.08,50,"B-006,D-006"
NSME230,φ0.08,0.12,45,D-010
SMEZ120,φ0.09,0.09,50,"B-006,D-006"
NSME230,φ0.09,0.135,45,D-010
MXH225,φ0.1,0.1,45,F-010
MXH225P,φ0.1,0.1,45,F-020
MSE230SS,φ0.1,0.1,45,G-032
SMEZ120,φ0.1,0.1,50,"B-006,D-006"
MSES230P,φ0.1,0.15,45,G-036
MSE230,φ0.1,0.15,45,G-038
MSE230M,φ0.1,0.15,45,G-044
RSES230,φ0.1,0.15,50,L-006
MXH230,φ0.1,0.2,45,F-012
MXH230P,φ0.1,0.2,45,F-022
MX230,φ0.1,0.2,45,G-014
MXH235,φ0.1,0.3,45,F-014
MXH235P,φ0.1,0.3,45,F-024
MX235,φ0.1,0.3,45,G-016
RSE230,φ0.1,0.3,45,L-014
PCDSE,φ0.1×0.1,0.02,48,C-006
SSE400,φ0.1×0.2,0.04,53,B-008
CED100,φ0.1×0.2,0.05,40,S-030
MHRH230,φ0.1×0.3,0.08,45,F-038
MHR230,φ0.1×0.3,0.15,45,G-084
RSES230,φ0.1×0.3,0.15,50,L-006
DHR237,φ0.1×0.3,0.2,45,K-006
SSE400,φ0.1×0.5,0.04,53,B-008
MHRH230,φ0.1×0.5,0.08,45,F-038
MHR230,φ0.1×0.5,0.15,45,G-084
RSES230,φ0.1×0.5,0.15,50,L-006
DHR237,φ0.1×0.5,0.2,45,K-006
MHRH230,φ0.1×0.75,0.08,45,F-038
MHR230,φ0.1×0.75,0.15,45,G-084
DHR237,φ0.1×0.75,0.2,45,K-006
RSES230,φ0.1×0.8,0.15,50,L-006
RSE230,φ0.1×0.8,0.3,45,L-014
MHRH230,φ0.1×1,0.08,45,F-038
MHR230,φ0.1×1,0.15,45,G-084
RSES230,φ0.1×1,0.15,50,L-006
DHR237,φ0.1×1,0.2,45,K-006
RSE230,φ0.1×1,0.3,45,L-014
MSE230SS,φ0.15,0.15,45,G-032
MSES230P,φ0.15,0.2,45,G-036
MSE230,φ0.15,0.2,45,G-038
RSES230,φ0.15,0.23,50,L-006
RSE230,φ0.15,0.45,45,L-014
MHRH230,φ0.15×0.3,0.12,45,F-038
MHR230,φ0.15×0.3,0.2,45,G-084
MHRH230,φ0.15×0.5,0.12,45,F-038
MHR230,φ0.15×0.5,0.2,45,G-084
RSES230,φ0.15×0.5,0.23,50,L-006
MHRH230,φ0.15×0.75,0.12,45,F-038
MHR230,φ0.15×0.75,0.2,45,G-084
RSES230,φ0.15×0.8,0.23,50,L-006
MHRH230,φ0.15×1,0.12,45,F-038
MHR230,φ0.15×1,0.2,45,G-084
RSES230,φ0.15×1,0.23,50,L-006
RSE230,φ0.15×1,0.45,45,L-014
MHRH230,φ0.15×1.5,0.12,45,F-038
MHR230,φ0.15×1.5,0.2,45,G-084
RSES230,φ0.15×1.5,0.23,50,L-006
RSE230,φ0.15×1.5,0.45,45,L-014
MXH225,φ0.2,0.2,45,F-010
MXH225P,φ0.2,0.2,45,F-020
MSE230SS,φ0.2,0.2,45,G-032
MSES230P,φ0.2,0.3,45,G-036
RSES230,φ0.2,0.3,50,L-006
MXH230,φ0.2,0.4,45,F-012
MXH230P,φ0.2,0.4,45,F-022
MX230,φ0.2,0.4,45,G-014
MSE230,φ0.2,0.4,45,G-038
MSE230M,φ0.2,0.4,45,G-044
MXH235,φ0.2,0.6,45,F-014
MXH235P,φ0.2,0.6,45,F-024
MX235,φ0.2,0.6,45,G-016
RSE230,φ0.2,0.6,45,L-014
RSE230,φ0.2,1,45,L-014
PCDSE,φ0.2×0.2,0.04,48,C-006
SSE600,φ0.2×0.4,0.08,53,B-010
CED100,φ0.2×0.4,0.1,40,S-030
MHRH230,φ0.2×0.5,0.15,45,F-038
MHR230,φ0.2×0.5,0.3,45,G-084
DHR237,φ0.2×0.5,0.4,45,K-006
RSES230,φ0.2×0.6,0.3,50,L-006
MHRH230,φ0.2×0.75,0.15,45,F-038
MHR230,φ0.2×0.75,0.3,45,G-084
SSE600,φ0.2×1,0.08,53,B-010
MHRH230,φ0.2×1,0.15,45,F-038
MHR230,φ0.2×1,0.3,45,G-084
RSES230,φ0.2×1,0.3,50,L-006
DHR237,φ0.2×1,0.4,45,K-006
RSE230,φ0.2×1,0.6,45,L-014
MHRH230,φ0.2×1.5,0.15,45,F-038
MHR230,φ0.2×1.5,0.3,45,G-084
RSES230,φ0.2×1.5,0.3,50,L-006
DHR237,φ0.2×1.5,0.4,45,K-006
RSE230,φ0.2×1.5,0.6,45,L-014
MHRH230,φ0.2×2,0.15,45,F-038
MHR230,φ0.2×2,0.3,45,G-084
RSES230,φ0.2×2,0.3,50,L-006
DHR237,φ0.2×2,0.4,45,K-006
RSE230,φ0.2×2,0.6,45,L-014
MHRH230,φ0.2×2.5,0.15,45,F-038
MHR230,φ0.2×2.5,0.3,45,G-084
RSES230,φ0.2×2.5,0.3,50,L-006
MHRH230,φ0.2×3,0.15,45,F-038
MHR230,φ0.2×3,0.3,45,G-084
RSES230,φ0.2×3,0.3,50,L-006
MHR230,φ0.2×3.5,0.3,45,G-084
RSES230,φ0.2×3.5,0.3,50,L-006
MHR230,φ0.2×4,0.3,45,G-084
RSES230,φ0.2×4,0.3,50,L-006
MSES230P,φ0.25,0.3,45,G-036
MSE230,φ0.25,0.5,45,G-038
MXH225,φ0.3,0.3,45,F-010
MXH225P,φ0.3,0.3,45,F-020
MX225,φ0.3,0.3,45,G-012
MSE230SS,φ0.3,0.3,45,G-032
MSES230P,φ0.3,0.4,45,G-036
RSES230,φ0.3,0.45,50,L-006
MXH230,φ0.3,0.6,45,F-012
MXH230P,φ0.3,0.6,45,F-022
MX230,φ0.3,0.6,45,G-014
MSE230,φ0.3,0.6,45,G-038
MSE230M,φ0.3,0.6,45,G-044
MXH235,φ0.3,0.9,45,F-014
MXH235P,φ0.3,0.9,45,F-024
MX235,φ0.3,0.9,45,G-016
RSE230,φ0.3,0.9,45,L-014
MXH240,φ0.3,1.2,45,F-016
MX240,φ0.3,1.2,45,G-018
MXH245,φ0.3,1.5,45,F-018
MX245,φ0.3,1.5,45,G-020
RSE230,φ0.3,1.5,45,L-014
RSE230,φ0.3,2,45,L-014
PCDSE,φ0.3×0.3,0.06,48,C-006
SSE600,φ0.3×0.5,0.12,49,B-010
CED100,φ0.3×0.6,0.15,40,S-030
DCMS,φ0.3×0.6,0.15,45,N-006
MHRH230,φ0.3×1,0.25,45,F-038
MHR230,φ0.3×1,0.4,45,G-084
RSES230,φ0.3×1,0.45,50,L-006
DHR237,φ0.3×1,0.6,45,K-006
DCMS,φ0.3×1.2,0.15,45,N-006
SSE600,φ0.3×1.5,0.12,50,B-010
MHRH230,φ0.3×1.5,0.25,45,F-038
MHR230,φ0.3×1.5,0.4,45,G-084
RSES230,φ0.3×1.5,0.45,50,L-006
DHR237,φ0.3×1.5,0.6,45,K-006
RSE230,φ0.3×1.5,0.9,45,L-014
MHRH230,φ0.3×2,0.25,45,F-038
MHR230,φ0.3×2,0.4,45,G-084
RSES230,φ0.3×2,0.45,50,L-007
DHR237,φ0.3×2,0.6,45,K-006
RSE230,φ0.3×2,0.9,45,L-014
MHRH230,φ0.3×2.5,0.25,45,F-038
MHR230,φ0.3×2.5,0.4,45,G-084
RSES230,φ0.3×2.5,0.45,50,L-007
RSE230,φ0.3×2.5,0.9,45,L-014
MHRH230,φ0.3×3,0.25,45,F-038
MHR230,φ0.3×3,0.4,45,G-084
MHRLN230-6,φ0.3×3,0.4,60,G-104
RSES230,φ0.3×3,0.45,50,L-007
DHR237,φ0.3×3,0.6,45,K-006
RSE230,φ0.3×3,0.9,45,L-014
MHR230,φ0.3×4,0.4,45,G-084
RSES230,φ0.3×4,0.45,50,L-007
MHR230,φ0.3×5,0.4,45,G-084
RSES230,φ0.3×5,0.45,50,L-007
MHR230,φ0.3×6,0.4,45,G-084
RSES230,φ0.3×6,0.45,50,L-007
MHR230,φ0.3×9,0.4,45,G-084
RSES230,φ0.3×9,0.45,50,L-007
MSES230P,φ0.35,0.4,45,G-036
MSE230,φ0.35,0.7,45,G-038
MXH225,φ0.4,0.4,45,F-010
MXH225P,φ0.4,0.4,45,F-020
MX225,φ0.4,0.4,45,G-012
MSE230SS,φ0.4,0.4,45,G-032
MSES230P,φ0.4,0.6,45,G-036
RSES230,φ0.4,0.6,60,L-007
MXH230,φ0.4,0.8,45,F-012
MXH230P,φ0.4,0.8,45,F-022
MX230,φ0.4,0.8,45,G-014
MSE230,φ0.4,0.8,45,G-038
MSE230M,φ0.4,0.8,45,G-044
MXH235,φ0.4,1.2,45,F-014
MXH235P,φ0.4,1.2,45,F-024
MX235,φ0.4,1.2,45,G-016
RSE230,φ0.4,1.2,45,L-014
MXH240,φ0.4,1.6,45,F-016
MX240,φ0.4,1.6,45,G-018
MXH245,φ0.4,2,45,F-018
MX245,φ0.4,2,45,G-020
RSE230,φ0.4,2,45,L-014
RSE230,φ0.4,3,45,L-014
PCDSE,φ0.4×0.4,0.08,48,C-006
SSE600,φ0.4×0.8,0.16,49,B-010
CED100,φ0.4×0.8,0.2,40,S-030
DCMS,φ0.4×0.8,0.2,45,N-006
MHRH230,φ0.4×1,0.3,45,F-038
MHR230,φ0.4×1,0.6,45,G-084
DHR237,φ0.4×1,0.8,45,K-006
MHRH230,φ0.4×1.5,0.3,45,F-038
MHR230,φ0.4×1.5,0.6,45,G-084
RSES230,φ0.4×1.5,0.6,60,L-007
DCMS,φ0.4×1.6,0.2,45,N-006
SSE600,φ0.4×2,0.16,50,B-010
MHRH230,φ0.4×2,0.3,45,F-038
MHR230,φ0.4×2,0.6,45,G-084
RSES230,φ0.4×2,0.6,60,L-007
DHR237,φ0.4×2,0.8,45,K-006
RSE230,φ0.4×2,1.2,45,L-014
MHRH230,φ0.4×2.5,0.3,45,F-038
MHR230,φ0.4×2.5,0.6,45,G-084
RSES230,φ0.4×2.5,0.6,60,L-007
RSE230,φ0.4×2.5,1.2,45,L-015
MHRH230,φ0.4×3,0.3,45,F-038
MHR230,φ0.4×3,0.6,45,G-084
RSES230,φ0.4×3,0.6,60,L-007
MHRLN230-6,φ0.4×3,0.6,60,G-104
DHR237,φ0.4×3,0.8,45,K-006
RSE230,φ0.4×3,1.2,45,L-015
MHRH230,φ0.4×3.5,0.3,45,F-038
MHR230,φ0.4 ×3.5,0.6,45,G-085
RSES230,φ0.4 ×3.5,0.6,60,L-007
MHRH230,φ0.4×4,0.3,45,F-038
MHR230,φ0.4×4,0.6,45,G-085
RSES230,φ0.4×4,0.6,60,L-007
MHRLN230-6,φ0.4×4,0.6,60,G-104
DHR237,φ0.4×4,0.8,45,K-006
RSE230,φ0.4×4,1.2,45,L-015
MHRH230,φ0.4×5,0.3,45,F-038
MHR230,φ0.4×5,0.6,45,G-085
MHRLN230-6,φ0.4×5,0.6,60,G-104
RSE230,φ0.4×5,1.2,45,L-015
MHRH230,φ0.4×6,0.3,45,F-038
MHR230,φ0.4×6,0.6,45,G-085
RSES230,φ0.4×6,0.6,60,L-007
MHR230,φ0.4×7,0.6,45,G-085
MHRH230,φ0.4×8,0.3,45,F-038
MHR230,φ0.4×8,0.6,45,G-085
RSES230,φ0.4×8,0.6,60,L-007
MHR230,φ0.4×9,0.6,45,G-085
MHRH230,φ0.4×10,0.3,45,F-038
MHR230,φ0.4×10,0.6,45,G-085
RSES230,φ0.4×10,0.6,60,L-007
MHR230,φ0.4×12,0.6,45,G-085
RSES230,φ0.4×12,0.6,60,L-007
MSES230P,φ0.45,0.6,45,G-036
MSE230,φ0.45,0.9,45,G-038
NX-25,φ0.5,0.5,40,R-008
MXH225,φ0.5,0.5,45,F-010
MXH225P,φ0.5,0.5,45,F-020
MX225,φ0.5,0.5,45,G-012
MSE230SS,φ0.5,0.5,45,G-032
MSES230P,φ0.5,0.7,45,G-036
RSES230,φ0.5,0.75,60,L-007
NC-2,φ0.5,1,35,R-036
NX-30,φ0.5,1,40,R-012
MXH230,φ0.5,1,45,F-012
MXH230P,φ0.5,1,45,F-022
MX230,φ0.5,1,45,G-014
AL2D-2,φ0.5,1,45,J-006
AL2D-2DLC,φ0.5,1,45,J-008
DX,φ0.5,1,45,R-098
MSE230,φ0.5,1.25,45,G-038
MSE230M,φ0.5,1.25,45,G-044
NCM-2,φ0.5,1.5,35,R-038
NX-35,φ0.5,1.5,40,R-016
MXH235,φ0.5,1.5,45,F-014
MXH235P,φ0.5,1.5,45,F-024
MX235,φ0.5,1.5,45,G-016
RSE230,φ0.5,1.5,45,L-015
DCSE235,φ0.5,1.5,45,M-006
NX-40,φ0.5,2,40,R-020
MXH240,φ0.5,2,45,F-016
MX240,φ0.5,2,45,G-018
MSEM230,φ0.5,2,50,G-042
NX-45,φ0.5,2.5,40,R-024
MXH245,φ0.5,2.5,45,F-018
MX245,φ0.5,2.5,45,G-020
RSE230,φ0.5,2.5,45,L-015
RSE230,φ0.5,5,45,L-015
PCDSE,φ0.5×0.5,0.1,48,C-006
SSE600,φ0.5×1,0.2,49,B-010
CED100,φ0.5×1,0.25,40,S-030
DCMS,φ0.5×1,0.25,45,N-006
MHRH230,φ0.5×1,0.4,45,F-038
MHR230,φ0.5×1,0.7,45,G-085
MHRH230,φ0.5×1.5,0.4,45,F-038
MHR230,φ0.5×1.5,0.7,45,G-085
DHR237,φ0.5×1.5,1,45,K-006
DCMS,φ0.5×2,0.25,45,N-006
MHRH230,φ0.5×2,0.4,45,F-038
NHR-2,φ0.5×2,0.7,35,R-054
NHR-2X,φ0.5×2,0.7,35,S-006
MHR230,φ0.5×2,0.7,45,G-085
RSES230,φ0.5×2,0.75,60,L-007
DHR237,φ0.5×2,1,45,K-006
DCHR230,φ0.5×2,1,45,M-008
SSE600,φ0.5×2.5,0.2,50,B-010
MHRH230,φ0.5×2.5,0.4,45,F-038
MHR230,φ0.5×2.5,0.7,45,G-085
MHRH230,φ0.5×3,0.4,45,F-039
MHR230,φ0.5×3,0.7,45,G-085
RSES230,φ0.5×3,0.75,60,L-007
DHR237,φ0.5×3,1,45,K-006
RSE230,φ0.5×3,1.5,45,L-015
MHRH230,φ0.5×3.5,0.4,45,F-039
MHR230,φ0.5×3.5,0.7,45,G-085
MHRH230,φ0.5×4,0.4,45,F-039
NHR-2,φ0.5×4,0.7,35,R-054
NHR-2X,φ0.5×4,0.7,35,S-006
MHR230,φ0.5×4,0.7,45,G-085
MHRLN230-6,φ0.5×4,0.7,60,G-104
RSES230,φ0.5×4,0.75,60,L-007
DHR237,φ0.5×4,1,45,K-006
DCHR230,φ0.5×4,1,45,M-008
RSE230,φ0.5×4,1.5,45,L-015
MHRH230,φ0.5×4.5,0.4,45,F-039
MHR230,φ0.5×4.5,0.7,45,G-085
MHRH230,φ0.5×5,0.4,45,F-039
MHR230,φ0.5×5,0.7,45,G-085
MHRLN230-6,φ0.5×5,0.7,60,G-104
MHRH230,φ0.5×6,0.4,45,F-039
NHR-2,φ0.5×6,0.7,35,R-054
NHR-2X,φ0.5×6,0.7,35,S-006
MHR230,φ0.5×6,0.7,45,G-085
MHRLN230-6,φ0.5×6,0.7,60,G-104
RSES230,φ0.5×6,0.75,60,L-007
DHR237,φ0.5×6,1,45,K-006
DCHR230,φ0.5×6,1,45,M-008
RSE230,φ0.5×6,1.5,45,L-015
MHRH230,φ0.5×7,0.4,45,F-039
MHR230,φ0.5×7,0.7,45,G-085
MHRH230,φ0.5×8,0.4,50,F-039
MHR230,φ0.5×8,0.7,50,G-085
RSES230,φ0.5×8,0.75,60,L-007
RSE230,φ0.5×8,1.5,50,L-015
MHRH230,φ0.5×9,0.4,50,F-039
MHR230,φ0.5×9,0.7,50,G-085
MHRH230,φ0.5×10,0.4,50,F-039
MHR230,φ0.5×10,0.7,50,G-085
RSES230,φ0.5×10,0.75,60,L-007
RSE230,φ0.5×10,1.5,50,L-015
MHR230,φ0.5×12,0.7,50,G-085
RSES230,φ0.5×12,0.75,60,L-007
RSE230,φ0.5×12,1.5,50,L-015
MHR230,φ0.5×15,0.7,50,G-085
RSES230,φ0.5×15,0.75,60,L-007
RSE230,φ0.5×15,1.5,50,L-015
RSES230,φ0.5×18,0.75,60,L-007
RSES230,φ0.5×20,0.75,60,L-007
RSE230,φ0.5×20,1.5,50,L-015
MSE230,φ0.55,1.3,45,G-038
NX-25,φ0.6,0.6,40,R-008
MXH225,φ0.6,0.6,45,F-010
MXH225P,φ0.6,0.6,45,F-020
MSE230SS,φ0.6,0.6,45,G-032
RSES230,φ0.6,0.9,60,L-007
MSES230P,φ0.6,1,45,G-036
NC-2,φ0.6,1.2,35,R-036
NX-30,φ0.6,1.2,40,R-012
MXH230,φ0.6,1.2,45,F-012
MXH230P,φ0.6,1.2,45,F-022
MX230,φ0.6,1.2,45,G-014
AL2D-2,φ0.6,1.2,45,J-006
AL2D-2DLC,φ0.6,1.2,45,J-008
MSE230,φ0.6,1.5,45,G-038
NCM-2,φ0.6,1.8,35,R-038
NX-35,φ0.6,1.8,40,R-016
MXH235,φ0.6,1.8,45,F-014
MXH235P,φ0.6,1.8,45,F-024
MX235,φ0.6,1.8,45,G-016
RSE230,φ0.6,1.8,45,L-015
NX-40,φ0.6,2.4,40,R-020
MX240,φ0.6,2.4,45,G-018
MSEM230,φ0.6,2.4,50,G-042
NX-45,φ0.6,3,40,R-024
RSE230,φ0.6,3,45,L-015
RSE230,φ0.6,4,45,L-015
PCDSE,φ0.6×0.6,0.12,48,C-006
SSE600,φ0.6×1.2,0.24,49,B-010
MHRH230,φ0.6×1.5,0.5,45,F-039
MHR230,φ0.6×1.5,0.9,45,G-085
MHRH230,φ0.6×2,0.5,45,F-039
NHR-2,φ0.6×2,0.9,35,R-054
NHR-2X,φ0.6×2,0.9,35,S-006
MHR230,φ0.6×2,0.9,45,G-085
DHR237,φ0.6×2,1.2,45,K-006
SSE600,φ0.6×3,0.24,50,B-010
MHRH230,φ0.6×3,0.5,45,F-039
MHR230,φ0.6×3,0.9,45,G-085
RSES230,φ0.6×3,0.9,60,L-007
DHR237,φ0.6×3,1.2,45,K-006
MHRH230,φ0.6×4,0.5,45,F-039
NHR-2,φ0.6×4,0.9,35,R-054
NHR-2X,φ0.6×4,0.9,35,S-006
MHR230,φ0.6×4,0.9,45,G-085
MHRLN230-6,φ0.6×4,0.9,60,G-104
RSES230,φ0.6×4,0.9,60,L-007
DHR237,φ0.6×4,1.2,45,K-006
RSE230,φ0.6×4,1.8,45,L-015
MHRH230,φ0.6×5,0.5,45,F-039
MHR230,φ0.6×5,0.9,45,G-085
MHRH230,φ0.6×6,0.5,45,F-039
NHR-2,φ0.6×6,0.9,35,R-054
NHR-2X,φ0.6×6,0.9,35,S-006
MHR230,φ0.6×6,0.9,45,G-085
MHRLN230-6,φ0.6×6,0.9,60,G-104
RSES230,φ0.6×6,0.9,60,L-007
DHR237,φ0.6×6,1.2,45,K-006
RSE230,φ0.6×6,1.8,45,L-015
MHR230,φ0.6×7,0.9,45,G-085
MHR230,φ0.6×8,0.9,50,G-086
RSES230,φ0.6×8,0.9,60,L-007
RSE230,φ0.6×8,1.8,50,L-015
MHR230,φ0.6×9,0.9,50,G-086
MHR230,φ0.6×10,0.9,50,G-086
RSES230,φ0.6×10,0.9,60,L-008
RSE230,φ0.6×10,1.8,50,L-015
MHR230,φ0.6×12,0.9,50,G-086
RSES230,φ0.6×12,0.9,60,L-008
RSE230,φ0.6×12,1.8,50,L-015
MHR230,φ0.6×15,0.9,50,G-086
RSES230,φ0.6×15,0.9,60,L-008
MHR230,φ0.6×18,0.9,50,G-086
RSES230,φ0.6×18,0.9,60,L-008
MSE230,φ0.65,1.5,45,G-038
NX-25,φ0.7,0.7,40,R-008
MXH225,φ0.7,0.7,45,F-010
MXH225P,φ0.7,0.7,45,F-020
MSE230SS,φ0.7,0.7,45,G-032
RSES230,φ0.7,1.05,60,L-008
MSES230P,φ0.7,1.2,45,G-036
NC-2,φ0.7,1.4,35,R-036
NX-30,φ0.7,1.4,40,R-012
MXH230,φ0.7,1.4,45,F-012
MXH230P,φ0.7,1.4,45,F-022
MX230,φ0.7,1.4,45,G-014
AL2D-2,φ0.7,1.4,45,J-006
AL2D-2DLC,φ0.7,1.4,45,J-008
MSE230,φ0.7,1.8,45,G-038
NCM-2,φ0.7,2.1,35,R-038
NX-35,φ0.7,2.1,40,R-016
MXH235,φ0.7,2.1,45,F-014
MXH235P,φ0.7,2.1,45,F-024
MX235,φ0.7,2.1,45,G-016
NX-40,φ0.7,2.8,40,R-020
MX240,φ0.7,2.8,45,G-018
NX-45,φ0.7,3.5,40,R-024
MHRH230,φ0.7×2,0.55,45,F-039
MHR230,φ0.7×2,1,45,G-086
NHR-2,φ0.7×2,1,45,R-054
NHR-2X,φ0.7×2,1,45,S-006
MHRH230,φ0.7×4,0.55,45,F-039
MHR230,φ0.7×4,1,45,G-086
NHR-2,φ0.7×4,1,45,R-054
NHR-2X,φ0.7×4,1,45,S-006
RSES230,φ0.7×4,1.05,60,L-008
MHRH230,φ0.7×6,0.55,45,F-039
MHR230,φ0.7×6,1,45,G-086
NHR-2,φ0.7×6,1,45,R-054
NHR-2X,φ0.7×6,1,45,S-006
RSES230,φ0.7×6,1.05,60,L-008
MHRH230,φ0.7×8,0.55,50,F-039
MHR230,φ0.7×8,1,50,G-086
RSES230,φ0.7×8,1.05,60,L-008
MHRH230,φ0.7×10,0.55,50,F-039
MHR230,φ0.7×10,1,50,G-086
RSES230,φ0.7×10,1.05,60,L-008
RSES230,φ0.7×12,1.05,60,L-008
RSES230,φ0.7×14,1.05,60,L-008
MSE230,φ0.75,1.8,45,G-038
NX-25,φ0.8,0.8,40,R-008
MXH225,φ0.8,0.8,45,F-010
MXH225P,φ0.8,0.8,45,F-020
MX225,φ0.8,0.8,45,G-012
MSE230SS,φ0.8,0.8,45,G-032
RSES230,φ0.8,1.2,60,L-008
MSES230P,φ0.8,1.5,45,G-036
NC-2,φ0.8,1.6,35,R-036
NX-30,φ0.8,1.6,40,R-012
MXH230,φ0.8,1.6,45,F-012
MXH230P,φ0.8,1.6,45,F-022
MX230,φ0.8,1.6,45,G-014
AL2D-2,φ0.8,1.6,45,J-006
AL2D-2DLC,φ0.8,1.6,45,J-008
DX,φ0.8,1.6,45,R-098
MSE230,φ0.8,2,45,G-038
MSE230M,φ0.8,2,45,G-044
NCM-2,φ0.8,2.4,35,R-038
NX-35,φ0.8,2.4,40,R-016
MXH235,φ0.8,2.4,45,F-014
MXH235P,φ0.8,2.4,45,F-024
MX235,φ0.8,2.4,45,G-016
RSE230,φ0.8,2.4,45,L-015
NX-40,φ0.8,3.2,40,R-020
MXH240,φ0.8,3.2,45,F-016
MX240,φ0.8,3.2,45,G-018
MSEM230,φ0.8,3.2,50,G-042
NX-45,φ0.8,4,40,R-024
MXH245,φ0.8,4,45,F-018
MX245,φ0.8,4,45,G-020
RSE230,φ0.8,4,45,L-015
RSE230,φ0.8,6,45,L-015
PCDSE,φ0.8×0.8,0.16,48,C-006
SSE600,φ0.8×1.5,0.32,49,B-010
DCMS,φ0.8×1.6,0.4,45,N-006
MHRH230,φ0.8×3,0.65,45,F-039
MHR230,φ0.8×3,1.2,45,G-086
DHR237,φ0.8×3,1.6,45,K-007
DCMS,φ0.8×3.2,0.4,45,N-006
SSE600,φ0.8×4,0.32,52,B-010
MHRH230,φ0.8×4,0.65,45,F-039
MHR230,φ0.8×4,1.2,45,G-086
NHR-2,φ0.8×4,1.2,45,R-054
NHR-2X,φ0.8×4,1.2,45,S-006
RSES230,φ0.8×4,1.2,60,L-008
DHR237,φ0.8×4,1.6,45,K-007
MHRH230,φ0.8×5,0.65,45,F-039
MHR230,φ0.8×5,1.2,45,G-086
MHRH230,φ0.8×6,0.65,45,F-039
MHR230,φ0.8×6,1.2,45,G-086
NHR-2,φ0.8×6,1.2,45,R-054
NHR-2X,φ0.8×6,1.2,45,S-006
RSES230,φ0.8×6,1.2,60,L-008
DHR237,φ0.8×6,1.6,45,K-007
RSE230,φ0.8×6,2.4,45,L-015
MHRH230,φ0.8×8,0.65,50,F-039
NHR-2,φ0.8×8,1.2,45,R-054
NHR-2X,φ0.8×8,1.2,45,S-006
MHR230,φ0.8×8,1.2,50,G-086
MHRLN230-6,φ0.8×8,1.2,60,G-104
RSES230,φ0.8×8,1.2,60,L-008
DHR237,φ0.8×8,1.6,50,K-007
RSE230,φ0.8×8,2.4,50,L-015
MHRH230,φ0.8×10,0.65,50,F-039
MHR230,φ0.8×10,1.2,50,G-086
RSES230,φ0.8×10,1.2,60,L-008
RSE230,φ0.8×10,2.4,50,L-015
MHRH230,φ0.8×12,0.65,50,F-039
MHR230,φ0.8×12,1.2,50,G-086
RSES230,φ0.8×12,1.2,60,L-008
RSE230,φ0.8×12,2.4,50,L-015
MHR230,φ0.8×14,1.2,50,G-086
RSES230,φ0.8×14,1.2,60,L-008
MHR230,φ0.8×16,1.2,50,G-086
RSES230,φ0.8×16,1.2,60,L-008
RSE230,φ0.8×16,2.4,60,L-015
RSES230,φ0.8×18,1.2,60,L-008
MHR230,φ0.8×20,1.2,60,G-086
RSES230,φ0.8×20,1.2,60,L-008
MHR230,φ0.8×24,1.2,60,G-086
RSES230,φ0.8×24,1.2,60,L-008
MSE230,φ0.85,2,45,G-038
NX-25,φ0.9,0.9,40,R-008
MXH225,φ0.9,0.9,45,F-010
MXH225P,φ0.9,0.9,45,F-020
MSE230SS,φ0.9,0.9,45,G-032
RSES230,φ0.9,1.35,60,L-008
NC-2,φ0.9,1.8,35,R-036
NX-30,φ0.9,1.8,40,R-012
MXH230,φ0.9,1.8,45,F-012
MXH230P,φ0.9,1.8,45,F-022
MX230,φ0.9,1.8,45,G-014
AL2D-2,φ0.9,1.8,45,J-006
AL2D-2DLC,φ0.9,1.8,45,J-008
MSE230,φ0.9,2,45,G-038
NCM-2,φ0.9,2.7,35,R-038
NX-35,φ0.9,2.7,40,R-016
MXH235,φ0.9,2.7,45,F-014
MXH235P,φ0.9,2.7,45,F-024
MX235,φ0.9,2.7,45,G-016
NX-40,φ0.9,3.6,40,R-020
MX240,φ0.9,3.6,45,G-018
NX-45,φ0.9,4.5,40,R-024
MHR230,φ0.9×4,1.4,45,G-086
NHR-2,φ0.9×6,1.35,45,R-054
NHR-2X,φ0.9×6,1.35,45,S-006
RSES230,φ0.9×6,1.35,60,L-008
MHR230,φ0.9×6,1.4,45,G-086
NHR-2,φ0.9×8,1.35,45,R-054
NHR-2X,φ0.9×8,1.35,45,S-006
RSES230,φ0.9×8,1.35,60,L-008
MHR230,φ0.9×8,1.4,50,G-086
NHR-2,φ0.9×10,1.35,45,R-054
NHR-2X,φ0.9×10,1.35,45,S-006
RSES230,φ0.9×10,1.35,60,L-008
MHR230,φ0.9×10,1.4,50,G-086
RSES230,φ0.9×12,1.35,60,L-008
MHR230,φ0.9×12,1.4,50,G-086
MHR230,φ0.9×15,1.4,60,G-086
RSES230,φ0.9×16,1.35,60,L-008
RSES230,φ0.9×18,1.35,60,L-008
MSE230,φ0.95,2,45,G-038
NX-25,φ1,1,40,R-008
MXH225,φ1,1,45,F-010
MXH225P,φ1,1,45,F-020
MX225,φ1,1,45,G-012
MX425,φ1,1,45,G-022
MSE230SS,φ1,1,45,G-032
MSZ345,φ1,1.5,45,I-010
MHD445,φ1,1.5,60,G-058
RSES230,φ1,1.5,70,L-008
NX-30,φ1,2,40,R-012
NX-30X,φ1,2,40,S-004
MXH230,φ1,2,45,F-012
MXH230P,φ1,2,45,F-022
MX230,φ1,2,45,G-014
MX430,φ1,2,45,G-024
MSES230P,φ1,2,45,G-036
AL2D-2,φ1,2,45,J-006
AL2D-2DLC,φ1,2,45,J-008
NC-2,φ1,2,45,R-036
NC-4,φ1,2,45,R-044
NSL-2,φ1,2,45,R-052
DX,φ1,2,45,R-098
MSUSZ440,φ1,2,50,I-006
MSCZ440,φ1,2,50,I-008
MHDSH445,φ1,2,60,E-006
MHDH445,φ1,2,60,F-026
NC-LS-2,φ1,2,100,R-042
MSE230,φ1,2.5,45,G-038
MSE230M,φ1,2.5,45,G-044
MSE430P,φ1,2.5,45,G-050
MSE430,φ1,2.5,45,G-052
NE-2,φ1,2.5,45,R-028
MXH235,φ1,3,45,F-014
MXH235P,φ1,3,45,F-024
MX235,φ1,3,45,G-016
MX435,φ1,3,45,G-026
AL3D-2,φ1,3,45,J-010
AL3D-2DLC,φ1,3,45,J-012
RSE230,φ1,3,45,L-015
DCSE235,φ1,3,45,M-006
NX-35,φ1,3,45,R-016
NCM-2,φ1,3,45,R-038
NCM-4,φ1,3,45,R-048
MSUSZ440,φ1,3,50,I-006
MSCZ440,φ1,3,50,I-008
AL3D-345,φ1,3,60,"I-014,J-022"
MHDSH445,φ1,3,60,E-006
MXH240,φ1,4,45,F-016
MX240,φ1,4,45,G-018
MX440,φ1,4,45,G-028
NX-40,φ1,4,45,R-020
NCL-2,φ1,4,45,R-040
MSEM230,φ1,4,50,G-042
MSEM430,φ1,4,50,G-056
AL4D-2,φ1,4,50,J-014
AL4D-2DLC,φ1,4,50,J-016
MXH245,φ1,5,45,F-018
MX245,φ1,5,45,G-020
MX445,φ1,5,45,G-030
NX-45,φ1,5,45,R-024
AL5D-2,φ1,5,50,J-018
AL5D-2DLC,φ1,5,50,J-020
RSE230,φ1,5,50,L-015
RSE230,φ1,7.5,50,L-015
RSE230,φ1,10,50,L-016
PCDSE,φ1×1,0.2,48,C-006
DSF,φ1×1,0.5,60,R-106
SSE600,φ1×2,0.4,49,B-010
CED100,φ1×2,0.5,40,S-030
DCMS,φ1×2,0.5,45,N-006
MHRH230,φ1×2,0.8,50,F-039
MHR230,φ1×2,1.5,50,G-086
MHRH230,φ1×3,0.8,50,F-039
ALZ345-DLC,φ1×3,1.5,45,"I-020,J-030"
ALZ345,φ1×3,1.5,45,"I-022,J-026"
MHR230,φ1×3,1.5,50,G-086
MSUSZ440-LN,φ1×3,1.5,50,I-016
MSCZ440-LN,φ1×3,1.5,50,I-018
MHRLN230-6,φ1×3,1.5,60,G-104
DHR237,φ1×3,2,45,K-007
DCMS,φ1×4,0.5,45,N-006
MHRH230,φ1×4,0.8,50,F-039
MHRH430,φ1×4,0.8,50,F-044
MHR230,φ1×4,1.5,50,G-086
MHR430,φ1×4,1.5,50,G-096
MSUSZ440-LN,φ1×4,1.5,50,I-016
MSCZ440-LN,φ1×4,1.5,50,I-018
RSES230,φ1×4,1.5,70,L-008
DHR237,φ1×4,2,45,K-007
DCHR230,φ1×4,2,50,M-008
SSE600,φ1×5,0.4,52,B-010
MHRH230,φ1×5,0.8,50,F-039
MHR230,φ1×5,1.5,50,G-086
MSUSZ440-LN,φ1×5,1.5,50,I-016
MSCZ440-LN,φ1×5,1.5,50,I-018
ALZ345,φ1×5,1.5,60,"I-022,J-026"
DHR237,φ1×5,2,45,K-007
MHRH230,φ1×6,0.8,50,F-039
MHRH430,φ1×6,0.8,50,F-044
NHR-2,φ1×6,1.5,45,R-054
NHR-2X,φ1×6,1.5,45,S-006
MHR230,φ1×6,1.5,50,G-087
MHR430,φ1×6,1.5,50,G-096
MHRLN230-6,φ1×6,1.5,60,G-104
RSES230,φ1×6,1.5,70,L-008
DHR237,φ1×6,2,45,K-007
DCHR230,φ1×6,2,50,M-008
RSE230,φ1×6,3,50,L-016
MHRH230,φ1×7,0.8,50,F-039
MHR230,φ1×7,1.5,50,G-087
MHRH230,φ1×8,0.8,50,F-039
MHRH430,φ1×8,0.8,50,F-044
NHR-2,φ1×8,1.5,45,R-054
NHR-2X,φ1×8,1.5,45,S-006
MHR230,φ1×8,1.5,50,G-087
MHR430,φ1×8,1.5,50,G-096
MHRLN230-6,φ1×8,1.5,60,G-104
RSES230,φ1×8,1.5,70,L-008
DHR237,φ1×8,2,50,K-007
DCHR230,φ1×8,2,50,M-008
RSE230,φ1×8,3,50,L-016
MHRH230,φ1×9,0.8,50,F-039
MHR230,φ1×9,1.5,50,G-087
MHRH230,φ1×10,0.8,50,F-039
MHRH430,φ1×10,0.8,50,F-044
NHR-2,φ1×10,1.5,45,R-054
NHR-2X,φ1×10,1.5,45,S-006
MHR230,φ1×10,1.5,50,G-087
MHR430,φ1×10,1.5,50,G-096
MHRLN230-6,φ1×10,1.5,60,G-104
RSES230,φ1×10,1.5,70,L-008
DHR237,φ1×10,2,50,K-007
DCHR230,φ1×10,2,50,M-008
RSE230,φ1×10,3,50,L-016
MHRH230,φ1×12,0.8,50,F-039
NHR-2,φ1×12,1.5,45,R-054
NHR-2X,φ1×12,1.5,45,S-006
MHR230,φ1×12,1.5,50,G-087
MHR430,φ1×12,1.5,50,G-096
RSES230,φ1×12,1.5,70,L-009
DHR237,φ1×12,2,50,K-007
RSE230,φ1×12,3,50,L-016
MHRH230,φ1×14,0.8,50,F-039
MHR230,φ1×14,1.5,50,G-087
RSES230,φ1×14,1.5,70,L-009
RSES230,φ1×15,1.5,70,L-009
RSE230,φ1×15,3,60,L-016
MHRH230,φ1×16,0.8,60,F-039
MHR430,φ1×16,1.5,50,G-096
MHR230,φ1×16,1.5,60,G-087
MHRH230,φ1×18,0.8,60,F-039
MHR230,φ1×18,1.5,60,G-087
RSES230,φ1×18,1.5,70,L-009
MHRH230,φ1×20,0.8,60,F-039
MHR230,φ1×20,1.5,60,G-087
RSES230,φ1×20,1.5,70,L-009
RSE230,φ1×20,3,60,L-016
MHRH230,φ1×22,0.8,60,F-039
MHR230,φ1×22,1.5,60,G-087
MHR230,φ1×25,1.5,70,G-087
RSES230,φ1×25,1.5,70,L-009
RSE230,φ1×25,3,70,L-016
MHR230,φ1×30,1.5,70,G-087
RSES230,φ1×30,1.5,70,L-009
RSE230,φ1×30,3,70,L-016
RSES230,φ1×35,1.5,70,L-009
RSE230,φ1×35,3,80,L-016
MSE230,φ1.05,2.5,45,G-038
NX-25,φ1.1,1.1,40,R-008
MXH225,φ1.1,1.1,45,F-010
MXH225P,φ1.1,1.1,45,F-020
MSE230SS,φ1.1,1.1,45,G-032
MSZ345,φ1.1,1.7,45,I-010
NC-2,φ1.1,2,45,R-036
NX-30,φ1.1,2.2,40,R-012
MXH230,φ1.1,2.2,45,F-012
MXH230P,φ1.1,2.2,45,F-022
MX230,φ1.1,2.2,45,G-014
AL2D-2,φ1.1,2.2,45,J-006
NC-4,φ1.1,2.2,45,R-044
MSUSZ440,φ1.1,2.2,50,I-006
MSCZ440,φ1.1,2.2,50,I-008
MSE230,φ1.1,2.5,45,G-038
MXH235,φ1.1,3.3,45,F-014
MXH235P,φ1.1,3.3,45,F-024
MX235,φ1.1,3.3,45,G-016
NX-35,φ1.1,3.3,45,R-016
NCM-2,φ1.1,3.5,45,R-038
MX240,φ1.1,4.4,45,G-018
NX-40,φ1.1,4.4,45,R-020
NX-45,φ1.1,5.5,50,R-024
ALZ345,φ1.1×3.3,1.7,45,"I-022,J-026"
MHR430,φ1.1×6,1.7,50,G-096
MHR430,φ1.1×10,1.7,50,G-096
MHR430,φ1.1×16,1.7,60,G-096
MSE230,φ1.15,2.5,45,G-038
NX-25,φ1.2,1.2,40,R-008
MXH225,φ1.2,1.2,45,F-010
MXH225P,φ1.2,1.2,45,F-020
MX225,φ1.2,1.2,45,G-012
MSE230SS,φ1.2,1.2,45,G-032
MSZ345,φ1.2,1.8,45,I-010
NX-30,φ1.2,2.4,40,R-012
MXH230,φ1.2,2.4,45,F-012
MXH230P,φ1.2,2.4,45,F-022
MX230,φ1.2,2.4,45,G-014
AL2D-2,φ1.2,2.4,45,J-006
NC-4,φ1.2,2.4,45,R-044
MSUSZ440,φ1.2,2.4,50,I-006
MSCZ440,φ1.2,2.4,50,I-008
MSES230P,φ1.2,2.5,45,G-036
NC-2,φ1.2,2.5,45,R-036
MSE230,φ1.2,3,45,G-038
NCM-2,φ1.2,3.5,45,R-038
MXH235,φ1.2,3.6,45,F-014
MXH235P,φ1.2,3.6,45,F-024
MX235,φ1.2,3.6,45,G-016
NX-35,φ1.2,3.6,45,R-016
MXH240,φ1.2,4.8,45,F-016
MX240,φ1.2,4.8,45,G-018
NX-40,φ1.2,4.8,45,R-020
MXH245,φ1.2,6,45,F-018
MX245,φ1.2,6,45,G-020
NX-45,φ1.2,6,50,R-024
CED100,φ1.2×2.4,0.6,40,S-030
ALZ345,φ1.2×3.6,1.8,45,"I-022,J-026"
MHR230,φ1.2×4,1.8,50,G-087
MHRH230,φ1.2×6,1,50,F-039
MHRH430,φ1.2×6,1,50,F-044
NHR-2,φ1.2×6,1.8,45,R-054
NHR-2X,φ1.2×6,1.8,45,S-006
MHR230,φ1.2×6,1.8,50,G-087
MHR430,φ1.2×6,1.8,50,G-096
MHRH230,φ1.2×8,1,50,F-039
MHRH430,φ1.2×8,1,50,F-044
NHR-2,φ1.2×8,1.8,45,R-054
NHR-2X,φ1.2×8,1.8,45,S-006
MHR230,φ1.2×8,1.8,50,G-087
MHR430,φ1.2×8,1.8,50,G-096
MHRH230,φ1.2×10,1,50,F-039
MHRH430,φ1.2×10,1,50,F-044
NHR-2,φ1.2×10,1.8,45,R-054
NHR-2X,φ1.2×10,1.8,45,S-006
MHR230,φ1.2×10,1.8,50,G-087
MHR430,φ1.2×10,1.8,50,G-096
MHRH230,φ1.2×12,1,50,F-039
MHRH430,φ1.2×12,1,50,F-044
NHR-2,φ1.2×12,1.8,45,R-054
NHR-2X,φ1.2×12,1.8,45,S-006
MHR230,φ1.2×12,1.8,50,G-087
MHR430,φ1.2×12,1.8,50,G-096
MHRH230,φ1.2×16,1,60,F-039
MHR230,φ1.2×16,1.8,60,G-087
MHR430,φ1.2×16,1.8,60,G-096
MHR230,φ1.2×20,1.8,60,G-087
MSE230,φ1.25,3,45,G-038
NX-25,φ1.3,1.3,40,R-008
MXH225,φ1.3,1.3,45,F-010
MXH225P,φ1.3,1.3,45,F-020
MSE230SS,φ1.3,1.3,45,G-032
MSZ345,φ1.3,2,45,I-010
NC-2,φ1.3,2.5,45,R-036
NX-30,φ1.3,2.6,40,R-012
MXH230,φ1.3,2.6,45,F-012
MXH230P,φ1.3,2.6,45,F-022
MX230,φ1.3,2.6,45,G-014
AL2D-2,φ1.3,2.6,45,J-006
NC-4,φ1.3,2.6,45,R-044
MSUSZ440,φ1.3,2.6,50,I-006
MSCZ440,φ1.3,2.6,50,I-008
MSE230,φ1.3,3,45,G-038
MXH235,φ1.3,3.9,45,F-014
MXH235P,φ1.3,3.9,45,F-024
MX235,φ1.3,3.9,45,G-016
NX-35,φ1.3,3.9,45,R-016
NCM-2,φ1.3,4,45,R-038
MX240,φ1.3,5.2,45,G-018
NX-40,φ1.3,5.2,45,R-020
NX-45,φ1.3,6.5,50,R-024
ALZ345,φ1.3×3.9,2,45,"I-022,J-026"
MHR430,φ1.3×6,1.9,50,G-096
MHR430,φ1.3×12,1.9,50,G-096
MHR430,φ1.3×18,1.9,60,G-096
MSE230,φ1.35,3,45,G-038
NX-25,φ1.4,1.4,40,R-008
MXH225,φ1.4,1.4,45,F-010
MXH225P,φ1.4,1.4,45,F-020
MSE230SS,φ1.4,1.4,45,G-032
MSZ345,φ1.4,2.1,45,I-010
NX-30,φ1.4,2.8,40,R-012
MXH230,φ1.4,2.8,45,F-012
MXH230P,φ1.4,2.8,45,F-022
MX230,φ1.4,2.8,45,G-014
AL2D-2,φ1.4,2.8,45,J-006
NC-4,φ1.4,2.8,45,R-044
MSUSZ440,φ1.4,2.8,50,I-006
MSCZ440,φ1.4,2.8,50,I-008
NC-2,φ1.4,3,45,R-036
MSE230,φ1.4,3.5,45,G-039
MXH235,φ1.4,4.2,45,F-014
MXH235P,φ1.4,4.2,45,F-024
MX235,φ1.4,4.2,45,G-016
NX-35,φ1.4,4.2,45,R-016
NCM-2,φ1.4,4.5,45,R-038
MX240,φ1.4,5.6,45,G-018
NX-40,φ1.4,5.6,45,R-020
NX-45,φ1.4,7,50,R-024
ALZ345,φ1.4×4.2,2.1,45,"I-022,J-026"
MHRH230,φ1.4×6,1.1,50,F-039
NHR-2,φ1.4×6,2.1,45,R-054
NHR-2X,φ1.4×6,2.1,45,S-006
MHR230,φ1.4×6,2.1,50,G-087
MHR430,φ1.4×6,2.1,50,G-096
NHR-2,φ1.4×8,2.1,45,R-054
NHR-2X,φ1.4×8,2.1,45,S-006
MHR230,φ1.4×8,2.1,50,G-087
MHR430,φ1.4×8,2.1,50,G-096
NHR-2,φ1.4×10,2.1,45,R-054
NHR-2X,φ1.4×10,2.1,45,S-006
MHR230,φ1.4×10,2.1,50,G-087
MHR430,φ1.4×10,2.1,50,G-096
MHRH230,φ1.4×12,1.1,50,F-039
NHR-2,φ1.4×12,2.1,45,R-054
NHR-2X,φ1.4×12,2.1,45,S-006
MHR230,φ1.4×12,2.1,50,G-087
MHR430,φ1.4×12,2.1,50,G-096
NHR-2,φ1.4×14,2.1,50,R-054
NHR-2X,φ1.4×14,2.1,50,S-006
MHR230,φ1.4×14,2.1,60,G-087
MHR430,φ1.4×14,2.1,60,G-096
NHR-2,φ1.4×16,2.1,50,R-054
NHR-2X,φ1.4×16,2.1,50,S-006
MHR230,φ1.4×16,2.1,60,G-087
MHR430,φ1.4×16,2.1,60,G-096
MHR230,φ1.4×22,2.1,60,G-087
MHR430,φ1.4×22,2.1,60,G-096
MSE230,φ1.45,3.5,45,G-039
NX-25,φ1.5,1.5,40,R-008
MXH225,φ1.5,1.5,45,F-010
MXH225P,φ1.5,1.5,45,F-020
MX225,φ1.5,1.5,45,G-012
MX425,φ1.5,1.5,45,G-022
MSE230SS,φ1.5,1.5,45,G-032
RSES230,φ1.5,2.25,70,L-009
MSZ345,φ1.5,2.3,45,I-010
MHD445,φ1.5,2.5,60,G-058
NX-30,φ1.5,3,40,R-012
NX-30X,φ1.5,3,40,S-004
MXH230,φ1.5,3,45,F-012
MXH230P,φ1.5,3,45,F-022
MX230,φ1.5,3,45,G-014
MX430,φ1.5,3,45,G-024
MSES230P,φ1.5,3,45,G-036
AL2D-2,φ1.5,3,45,J-006
AL2D-2DLC,φ1.5,3,45,J-008
NC-2,φ1.5,3,45,R-036
NC-4,φ1.5,3,45,R-044
NE-2,φ1.5,3,45,R-028
NSL-2,φ1.5,3,45,R-052
DX,φ1.5,3,45,R-098
MSUSZ440,φ1.5,3,50,I-006
MSCZ440,φ1.5,3,50,I-008
MHDSH445,φ1.5,3,60,E-006
MHDH445,φ1.5,3,60,F-026
NC-LS-2,φ1.5,3,100,R-042
MSE230,φ1.5,4,45,G-039
MSE230M,φ1.5,4,45,G-044
MSE430P,φ1.5,4,45,G-050
MSE430,φ1.5,4,45,G-052
MXH235,φ1.5,4.5,45,F-014
MXH235P,φ1.5,4.5,45,F-024
MX235,φ1.5,4.5,45,G-016
MX435,φ1.5,4.5,45,G-026
AL3D-2,φ1.5,4.5,45,J-010
AL3D-2DLC,φ1.5,4.5,45,J-012
RSE230,φ1.5,4.5,45,L-016
DCSE235,φ1.5,4.5,45,M-006
NX-35,φ1.5,4.5,45,R-016
NCM-2,φ1.5,4.5,45,R-038
NCM-4,φ1.5,4.5,45,R-048
MSUSZ440,φ1.5,4.5,50,I-006
MSCZ440,φ1.5,4.5,50,I-008
MHDSH445,φ1.5,4.5,60,E-006
MXH240,φ1.5,6,45,F-016
MX240,φ1.5,6,45,G-018
MX440,φ1.5,6,45,G-028
NX-40,φ1.5,6,45,R-020
NCL-2,φ1.5,6,45,R-040
MSEM230,φ1.5,6,50,G-042
MSEM430,φ1.5,6,50,G-056
AL4D-2,φ1.5,6,50,J-014
AL4D-2DLC,φ1.5,6,50,J-016
MXH245,φ1.5,7.5,45,F-018
MX245,φ1.5,7.5,45,G-020
MX445,φ1.5,7.5,45,G-030
AL5D-2,φ1.5,7.5,50,J-018
AL5D-2DLC,φ1.5,7.5,50,J-020
RSE230,φ1.5,7.5,50,L-016
NX-45,φ1.5,7.5,50,R-024
RSE230,φ1.5,15,60,L-016
CED100,φ1.5×3,0.75,40,S-030
DCMS,φ1.5×3,0.75,45,N-006
MHRLN230-6,φ1.5×3,2.3,60,G-104
MHRH230,φ1.5×4,1.2,50,F-040
MHR230,φ1.5×4,2.3,50,G-087
DHR237,φ1.5×4,3,45,K-007
ALZ345-DLC,φ1.5×4.5,2.3,45,"I-020,J-030"
ALZ345,φ1.5×4.5,2.3,45,"I-022,J-026"
MSUSZ440-LN,φ1.5×4.5,2.3,50,I-016
MSCZ440-LN,φ1.5×4.5,2.3,50,I-018
MHRLN230-6,φ1.5×5,2.3,60,G-104
DCMS,φ1.5×6,0.75,45,N-006
MHRH230,φ1.5×6,1.2,50,F-040
MHRH430,φ1.5×6,1.2,50,F-044
RSES230,φ1.5×6,2.25,70,L-009
NHR-2,φ1.5×6,2.3,45,R-054
NHR-2X,φ1.5×6,2.3,45,S-006
MHR230,φ1.5×6,2.3,50,G-087
MHR430,φ1.5×6,2.3,50,G-096
MSUSZ440-LN,φ1.5×6,2.3,50,I-016
MSCZ440-LN,φ1.5×6,2.3,50,I-018
DHR237,φ1.5×6,3,50,K-007
DCHR230,φ1.5×6,3,50,M-008
MSUSZ440-LN,φ1.5×7.5,2.3,50,I-016
MSCZ440-LN,φ1.5×7.5,2.3,50,I-018
MHRH230,φ1.5×8,1.2,50,F-040
MHRH430,φ1.5×8,1.2,50,F-044
RSES230,φ1.5×8,2.25,70,L-009
NHR-2,φ1.5×8,2.3,45,R-055
NHR-2X,φ1.5×8,2.3,45,S-006
MHR230,φ1.5×8,2.3,50,G-087
MHR430,φ1.5×8,2.3,50,G-096
DHR237,φ1.5×8,3,50,K-007
MHRH230,φ1.5×10,1.2,50,F-040
MHRH430,φ1.5×10,1.2,50,F-044
RSES230,φ1.5×10,2.25,70,L-009
NHR-2,φ1.5×10,2.3,45,R-055
NHR-2X,φ1.5×10,2.3,45,S-006
MHR230,φ1.5×10,2.3,50,G-087
MHR430,φ1.5×10,2.3,50,G-096
MHRLN230-6,φ1.5×10,2.3,60,G-104
DHR237,φ1.5×10,3,50,K-007
RSE230,φ1.5×10,4.5,50,L-016
MHRH230,φ1.5×12,1.2,50,F-040
MHRH430,φ1.5×12,1.2,50,F-044
RSES230,φ1.5×12,2.25,70,L-009
NHR-2,φ1.5×12,2.3,45,R-055
NHR-2X,φ1.5×12,2.3,45,S-006
MHR230,φ1.5×12,2.3,50,G-087
MHR430,φ1.5×12,2.3,50,G-096
DHR237,φ1.5×12,3,50,K-007
DCHR230,φ1.5×12,3,50,M-008
RSE230,φ1.5×12,4.5,50,L-016
MHRH230,φ1.5×14,1.2,60,F-040
MHRH430,φ1.5×14,1.2,60,F-044
NHR-2,φ1.5×14,2.3,50,R-055
NHR-2X,φ1.5×14,2.3,50,S-006
MHR230,φ1.5×14,2.3,60,G-088
MHR430,φ1.5×14,2.3,60,G-096
RSES230,φ1.5×15,2.25,70,L-009
MHRLN230-6,φ1.5×15,2.3,60,G-104
RSE230,φ1.5×15,4.5,60,L-016
MHRH230,φ1.5×16,1.2,60,F-040
MHRH430,φ1.5×16,1.2,60,F-044
NHR-2,φ1.5×16,2.3,50,R-055
NHR-2X,φ1.5×16,2.3,50,S-006
MHR230,φ1.5×16,2.3,60,G-088
MHR430,φ1.5×16,2.3,60,G-096
DHR237,φ1.5×16,3,60,K-007
MHRH230,φ1.5×18,1.2,60,F-040
RSES230,φ1.5×18,2.25,70,L-009
NHR-2,φ1.5×18,2.3,55,R-055
NHR-2X,φ1.5×18,2.3,55,S-006
MHR230,φ1.5×18,2.3,60,G-088
MHR430,φ1.5×18,2.3,60,G-096
RSE230,φ1.5×18,4.5,60,L-016
MHRH230,φ1.5×20,1.2,60,F-040
RSES230,φ1.5×20,2.25,70,L-009
NHR-2,φ1.5×20,2.3,55,R-055
NHR-2X,φ1.5×20,2.3,55,S-006
MHR230,φ1.5×20,2.3,60,G-088
MHR430,φ1.5×20,2.3,60,G-096
DCHR230,φ1.5×20,3,60,M-008
RSES230,φ1.5×23,2.25,70,L-009
RSE230,φ1.5×23,4.5,70,L-016
MHRH230,φ1.5×25,1.2,70,F-040
RSES230,φ1.5×25,2.25,70,L-009
MHR230,φ1.5×25,2.3,70,G-088
MHRH230,φ1.5×30,1.2,70,F-040
RSES230,φ1.5×30,2.25,70,L-009
MHR230,φ1.5×30,2.3,70,G-088
RSE230,φ1.5×30,4.5,70,L-016
MHRH230,φ1.5×35,1.2,80,F-040
RSES230,φ1.5×35,2.25,70,L-009
MHR230,φ1.5×35,2.3,80,G-088
MHR230,φ1.5×38,2.3,80,G-088
RSE230,φ1.5×38,4.5,80,L-016
RSES230,φ1.5×40,2.25,100,L-009
MHR230,φ1.5×40,2.3,80,G-088
RSES230,φ1.5×45,2.25,100,L-009
MHR230,φ1.5×45,2.3,80,G-088
RSE230,φ1.5×45,4.5,90,L-016
RSES230,φ1.5×53,2.25,100,L-009
RSE230,φ1.5×53,4.5,90,L-016
MSE230,φ1.55,4,45,G-039
NX-25,φ1.6,1.6,40,R-008
MXH225,φ1.6,1.6,45,F-010
MXH225P,φ1.6,1.6,45,F-020
MSE230SS,φ1.6,1.6,45,G-032
MSZ345,φ1.6,2.4,45,I-010
MSES230P,φ1.6,3,45,G-036
NC-2,φ1.6,3,45,R-036
NX-30,φ1.6,3.2,40,R-012
MXH230,φ1.6,3.2,45,F-012
MXH230P,φ1.6,3.2,45,F-022
MX230,φ1.6,3.2,45,G-014
AL2D-2,φ1.6,3.2,45,J-006
NC-4,φ1.6,3.2,45,R-044
MSUSZ440,φ1.6,3.2,50,I-006
MSCZ440,φ1.6,3.2,50,I-008
MSE230,φ1.6,4,45,G-039
MXH235,φ1.6,4.8,45,F-014
MXH235P,φ1.6,4.8,45,F-024
MX235,φ1.6,4.8,45,G-016
NX-35,φ1.6,4.8,45,R-016
NCM-2,φ1.6,5,45,R-038
MX240,φ1.6,6.4,45,G-018
NX-40,φ1.6,6.4,50,R-020
NX-45,φ1.6,8,50,R-024
ALZ345,φ1.6×4.8,2.4,45,"I-022,J-026"
MHRH230,φ1.6×6,1.3,50,F-040
NHR-2,φ1.6×6,2.4,45,R-055
NHR-2X,φ1.6×6,2.4,45,S-007
MHR230,φ1.6×6,2.4,50,G-088
MHR430,φ1.6×6,2.4,50,G-097
MHRH230,φ1.6×8,1.3,50,F-040
NHR-2,φ1.6×8,2.4,45,R-055
NHR-2X,φ1.6×8,2.4,45,S-007
MHR230,φ1.6×8,2.4,50,G-088
MHR430,φ1.6×8,2.4,50,G-097
NHR-2,φ1.6×10,2.4,45,R-055
NHR-2X,φ1.6×10,2.4,45,S-007
MHR230,φ1.6×10,2.4,50,G-088
MHR430,φ1.6×10,2.4,50,G-097
NHR-2,φ1.6×12,2.4,45,R-055
NHR-2X,φ1.6×12,2.4,45,S-007
MHR230,φ1.6×12,2.4,50,G-088
MHR430,φ1.6×12,2.4,50,G-097
NHR-2,φ1.6×14,2.4,50,R-055
NHR-2X,φ1.6×14,2.4,50,S-007
MHR230,φ1.6×14,2.4,60,G-088
MHR430,φ1.6×14,2.4,60,G-097
NHR-2X,φ1.6×16,2.4,50,S-007
NHR-2,φ1.6×16,2.4,50,R-055
MHR230,φ1.6×16,2.4,60,G-088
MHR430,φ1.6×16,2.4,60,G-097
NHR-2,φ1.6×18,2.4,55,R-055
NHR-2X,φ1.6×18,2.4,55,S-007
MHR230,φ1.6×18,2.4,60,G-088
MHR430,φ1.6×18,2.4,60,G-097
NHR-2,φ1.6×20,2.4,55,R-055
NHR-2X,φ1.6×20,2.4,55,S-007
MHR230,φ1.6×20,2.4,60,G-088
MHR430,φ1.6×20,2.4,60,G-097
MHR230,φ1.6×26,2.4,60,G-088
MHR430,φ1.6×26,2.4,70,G-097
MSE230,φ1.65,4,45,G-039
NX-25,φ1.7,1.7,40,R-008
MXH225,φ1.7,1.7,45,F-010
MXH225P,φ1.7,1.7,45,F-020
MSE230SS,φ1.7,1.7,45,G-032
MSZ345,φ1.7,2.6,45,I-010
NX-30,φ1.7,3.4,40,R-012
MXH230,φ1.7,3.4,45,F-012
MXH230P,φ1.7,3.4,45,F-022
MX230,φ1.7,3.4,45,G-014
AL2D-2,φ1.7,3.4,45,J-006
NC-4,φ1.7,3.4,45,R-044
MSUSZ440,φ1.7,3.4,50,I-006
MSCZ440,φ1.7,3.4,50,I-008
NC-2,φ1.7,4,45,R-036
MSE230,φ1.7,4.5,45,G-039
NCM-2,φ1.7,5,45,R-038
MXH235,φ1.7,5.1,45,F-014
MXH235P,φ1.7,5.1,45,F-024
MX235,φ1.7,5.1,45,G-016
NX-35,φ1.7,5.1,45,R-016
MX240,φ1.7,6.8,45,G-018
NX-40,φ1.7,6.8,50,R-020
NX-45,φ1.7,8.5,50,R-024
ALZ345,φ1.7×5.1,2.6,45,"I-022,J-026"
MHR430,φ1.7×6,2.5,50,G-097
MHR430,φ1.7×14,2.5,60,G-097
MHR430,φ1.7×24,2.5,70,G-097
MSE230,φ1.75,4.5,45,G-039
NX-25,φ1.8,1.8,40,R-008
MXH225,φ1.8,1.8,45,F-010
MXH225P,φ1.8,1.8,45,F-020
MX225,φ1.8,1.8,45,G-012
MSE230SS,φ1.8,1.8,45,G-032
MSZ345,φ1.8,2.7,45,I-010
MSES230P,φ1.8,3.5,45,G-036
NX-30,φ1.8,3.6,40,R-012
MXH230,φ1.8,3.6,45,F-012
MXH230P,φ1.8,3.6,45,F-022
MX230,φ1.8,3.6,45,G-014
AL2D-2,φ1.8,3.6,45,J-006
NC-4,φ1.8,3.6,45,R-044
MSUSZ440,φ1.8,3.6,50,I-006
MSCZ440,φ1.8,3.6,50,I-008
NC-2,φ1.8,4,45,R-036
MSE230,φ1.8,4.5,45,G-039
MXH235,φ1.8,5.4,45,F-014
MXH235P,φ1.8,5.4,45,F-024
MX235,φ1.8,5.4,45,G-016
NX-35,φ1.8,5.4,45,R-016
NCM-2,φ1.8,5.5,45,R-038
MXH240,φ1.8,7.2,45,F-016
MX240,φ1.8,7.2,45,G-018
NX-40,φ1.8,7.2,50,R-020
MXH245,φ1.8,9,50,F-018
MX245,φ1.8,9,50,G-020
NX-45,φ1.8,9,50,R-024
ALZ345,φ1.8×5.4,2.7,45,"I-022,J-026"
MHRH230,φ1.8×6,1.4,50,F-040
MHRH430,φ1.8×6,1.4,50,F-044
NHR-2,φ1.8×6,2.7,45,R-055
NHR-2X,φ1.8×6,2.7,45,S-007
MHR230,φ1.8×6,2.7,50,G-088
MHR430,φ1.8×6,2.7,50,G-097
MHRH230,φ1.8×8,1.4,50,F-040
MHRH430,φ1.8×8,1.4,50,F-044
NHR-2,φ1.8×8,2.7,45,R-055
NHR-2X,φ1.8×8,2.7,45,S-007
MHR230,φ1.8×8,2.7,50,G-088
MHR430,φ1.8×8,2.7,50,G-097
MHRH230,φ1.8×10,1.4,50,F-040
MHRH430,φ1.8×10,1.4,50,F-044
NHR-2,φ1.8×10,2.7,45,R-055
NHR-2X,φ1.8×10,2.7,45,S-007
MHR230,φ1.8×10,2.7,50,G-088
MHR430,φ1.8×10,2.7,50,G-097
MHRH230,φ1.8×12,1.4,50,F-040
MHRH430,φ1.8×12,1.4,50,F-044
NHR-2,φ1.8×12,2.7,45,R-055
NHR-2X,φ1.8×12,2.7,45,S-007
MHR230,φ1.8×12,2.7,50,G-088
MHR430,φ1.8×12,2.7,50,G-097
MHRH230,φ1.8×14,1.4,50,F-040
MHRH430,φ1.8×14,1.4,60,F-044
MHR230,φ1.8×14,2.7,50,G-088
NHR-2,φ1.8×14,2.7,50,R-055
NHR-2X,φ1.8×14,2.7,50,S-007
MHR430,φ1.8×14,2.7,60,G-097
MHRH230,φ1.8×16,1.4,60,F-040
MHRH430,φ1.8×16,1.4,60,F-044
NHR-2,φ1.8×16,2.7,50,R-055
NHR-2X,φ1.8×16,2.7,50,S-007
MHR230,φ1.8×16,2.7,60,G-088
MHR430,φ1.8×16,2.7,60,G-097
MHRH230,φ1.8×18,1.4,60,F-040
MHRH430,φ1.8×18,1.4,60,F-044
NHR-2,φ1.8×18,2.7,55,R-055
NHR-2X,φ1.8×18,2.7,55,S-007
MHR230,φ1.8×18,2.7,60,G-088
MHR430,φ1.8×18,2.7,60,G-097
NHR-2,φ1.8×20,2.7,55,R-055
NHR-2X,φ1.8×20,2.7,55,S-007
MHR230,φ1.8×20,2.7,60,G-088
MHR430,φ1.8×20,2.7,60,G-097
MHR230,φ1.8×25,2.7,70,G-088
MHR430,φ1.8×25,2.7,70,G-097
MSE230,φ1.85,4.5,45,G-039
NX-25,φ1.9,1.9,40,R-008
MXH225,φ1.9,1.9,45,F-010
MXH225P,φ1.9,1.9,45,F-020
MSE230SS,φ1.9,1.9,45,G-032
MSZ345,φ1.9,2.9,45,I-010
NX-30,φ1.9,3.8,40,R-012
MXH230,φ1.9,3.8,45,F-012
MXH230P,φ1.9,3.8,45,F-022
MX230,φ1.9,3.8,45,G-014
AL2D-2,φ1.9,3.8,45,J-006
NC-4,φ1.9,3.8,45,R-044
MSUSZ440,φ1.9,3.8,50,I-006
MSCZ440,φ1.9,3.8,50,I-008
NC-2,φ1.9,4,45,R-036
MSE230,φ1.9,5,45,G-039
MXH235,φ1.9,5.7,45,F-014
MXH235P,φ1.9,5.7,45,F-024
MX235,φ1.9,5.7,45,G-016
NX-35,φ1.9,5.7,45,R-016
NCM-2,φ1.9,6,45,R-038
MX240,φ1.9,7.6,45,G-018
NX-40,φ1.9,7.6,50,R-020
NX-45,φ1.9,9.5,50,R-024
ALZ345,φ1.9×5.7,2.9,45,"I-022,J-026"
MHR430,φ1.9×6,2.8,50,G-097
MHR430,φ1.9×16,2.8,60,G-097
MHR430,φ1.9×28,2.8,70,G-097
MSE230,φ1.95,5,45,G-039
NX-25,φ2,2,40,R-008
MXH225,φ2,2,45,F-010
MXH225P,φ2,2,45,F-020
MX225,φ2,2,45,G-012
MX425,φ2,2,45,G-022
MSE230SS,φ2,2,45,G-032
MSZ345,φ2,3,45,I-010
RSES230,φ2,3,60,L-009
NX-30,φ2,4,40,R-012
NX-30X,φ2,4,40,S-004
MXH230,φ2,4,45,F-012
MXH230P,φ2,4,45,F-022
MX230,φ2,4,45,G-014
MX430,φ2,4,45,G-024
MSES230P,φ2,4,45,G-036
AL2D-2,φ2,4,45,J-006
AL2D-2DLC,φ2,4,45,J-008
NC-2,φ2,4,45,R-036
NC-4,φ2,4,45,R-044
NSL-2,φ2,4,45,R-052
DX,φ2,4,45,R-098
MSUSZ440,φ2,4,50,I-006
MSCZ440,φ2,4,50,I-008
MHDSH445,φ2,4,60,E-006
MHDH445,φ2,4,60,F-026
MHD445,φ2,4,60,G-058
NC-LS-2,φ2,4,100,R-042
MSE230,φ2,5,45,G-039
MSE230M,φ2,5,45,G-044
MSE245,φ2,5,45,G-046
MSE430P,φ2,5,45,G-050
MSE430,φ2,5,45,G-052
MSE445,φ2,5,45,G-054
MXH235,φ2,6,45,F-014
MXH235P,φ2,6,45,F-024
MX235,φ2,6,45,G-016
MX435,φ2,6,45,G-026
AL3D-2,φ2,6,45,J-010
AL3D-2DLC,φ2,6,45,J-012
DCSE235,φ2,6,45,M-006
NX-35,φ2,6,45,R-016
NCM-2,φ2,6,45,R-038
NCM-4,φ2,6,45,R-048
NE-2,φ2,6,45,R-028
RSE230,φ2,6,50,L-016
MHDSH445,φ2,6,60,E-006
MSUSZ440,φ2,6,60,I-006
MSCZ440,φ2,6,60,I-008
AL3D-345,φ2,6,60,"I-014,J-022"
MXH240,φ2,8,45,F-016
MX240,φ2,8,45,G-018
MX440,φ2,8,45,G-028
MSEM230,φ2,8,50,G-042
MSEM430,φ2,8,50,G-056
NX-40,φ2,8,50,R-020
AL4D-2,φ2,8,50,J-014
AL4D-2DLC,φ2,8,50,J-016
MXH245,φ2,10,50,F-018
MX245,φ2,10,50,G-020
MX445,φ2,10,50,G-030
AL5D-2,φ2,10,50,J-018
AL5D-2DLC,φ2,10,50,J-020
RSE230,φ2,10,50,L-016
NX-45,φ2,10,50,R-024
NCL-2,φ2,10,50,R-040
NCL-4,φ2,10,50,R-050
RSE230,φ2,15,60,L-016
RSE230,φ2,20,60,L-016
DSF,φ2×2,1,60,R-106
CED100,φ2×4,1,40,S-030
DCMS,φ2×4,1,45,N-006
MHRH230,φ2×4,1.6,50,F-040
MHR230,φ2×4,3,50,G-088
MHRH230,φ2×6,1.6,50,F-040
MHRH430,φ2×6,1.6,50,F-045
ALZ345-DLC,φ2×6,3,45,"I-020,J-030"
ALZ345,φ2×6,3,45,"I-022,J-026"
NHR-2,φ2×6,3,45,R-055
NHR-2X,φ2×6,3,45,S-007
MHR230,φ2×6,3,50,G-088
MHR430,φ2×6,3,50,G-097
MSUSZ440-LN,φ2×6,3,50,I-016
MSCZ440-LN,φ2×6,3,50,I-018
RSES230,φ2×6,3,60,L-009
DHR237,φ2×6,4,50,K-007
DCHR230,φ2×6,4,50,M-008
DCMS,φ2×8,1,45,N-006
MHRH230,φ2×8,1.6,50,F-040
MHRH430,φ2×8,1.6,50,F-045
NHR-2,φ2×8,3,45,R-055
NHR-2X,φ2×8,3,45,S-007
MHR230,φ2×8,3,50,G-088
MHR430,φ2×8,3,50,G-097
MSUSZ440-LN,φ2×8,3,50,I-016
MSCZ440-LN,φ2×8,3,50,I-018
RSES230,φ2×8,3,60,L-009
DHR237,φ2×8,4,50,K-007
MHRH230,φ2×10,1.6,50,F-040
MHRH430,φ2×10,1.6,50,F-045
NHR-2,φ2×10,3,45,R-055
NHR-2X,φ2×10,3,45,S-007
MHR230,φ2×10,3,50,G-088
MHR430,φ2×10,3,50,G-097
MSUSZ440-LN,φ2×10,3,50,I-016
MSCZ440-LN,φ2×10,3,50,I-018
ALZ345,φ2×10,3,60,"I-022,J-026"
RSES230,φ2×10,3,60,L-009
DHR237,φ2×10,4,50,K-007
DCHR230,φ2×10,4,50,M-008
MHRH230,φ2×12,1.6,50,F-040
MHRH430,φ2×12,1.6,50,F-045
NHR-2,φ2×12,3,45,R-055
NHR-2X,φ2×12,3,45,S-007
MHR230,φ2×12,3,50,G-089
MHR430,φ2×12,3,50,G-097
RSES230,φ2×12,3,60,L-009
DHR237,φ2×12,4,50,K-007
RSE230,φ2×12,6,60,L-016
MHRH230,φ2×14,1.6,60,F-040
MHRH430,φ2×14,1.6,60,F-045
NHR-2,φ2×14,3,50,R-055
NHR-2X,φ2×14,3,50,S-007
MHR230,φ2×14,3,60,G-089
MHR430,φ2×14,3,60,G-097
DHR237,φ2×14,4,50,K-007
RSES230,φ2×15,3,60,L-009
RSE230,φ2×15,6,60,L-016
MHRH230,φ2×16,1.6,60,F-040
MHRH430,φ2×16,1.6,60,F-045
NHR-2,φ2×16,3,50,R-055
NHR-2X,φ2×16,3,50,S-007
MHR230,φ2×16,3,60,G-089
MHR430,φ2×16,3,60,G-097
DHR237,φ2×16,4,60,K-007
DCHR230,φ2×16,4,60,M-008
MHRH230,φ2×18,1.6,60,F-040
MHRH430,φ2×18,1.6,60,F-045
NHR-2,φ2×18,3,55,R-055
NHR-2X,φ2×18,3,55,S-007
MHR230,φ2×18,3,60,G-089
MHR430,φ2×18,3,60,G-097
MHRH230,φ2×20,1.6,60,F-040
MHRH430,φ2×20,1.6,60,F-045
NHR-2,φ2×20,3,55,R-055
NHR-2X,φ2×20,3,55,S-007
MHR230,φ2×20,3,60,G-089
MHR430,φ2×20,3,60,G-097
MHRLN230-6,φ2×20,3,60,G-104
RSES230,φ2×20,3,80,L-009
DHR237,φ2×20,4,60,K-007
DCHR230,φ2×20,4,60,M-008
RSE230,φ2×20,6,60,L-016
RSES230,φ2×24,3,80,L-009
RSE230,φ2×24,6,70,L-016
MHRH230,φ2×25,1.6,70,F-040
MHR230,φ2×25,3,70,G-089
MHR430,φ2×25,3,70,G-098
MHRH230,φ2×30,1.6,70,F-040
MHR230,φ2×30,3,70,G-089
MHR430,φ2×30,3,70,G-098
RSES230,φ2×30,3,80,L-009
RSE230,φ2×30,6,80,L-016
MHRH230,φ2×35,1.6,80,F-040
MHR230,φ2×35,3,80,G-089
MHRH230,φ2×40,1.6,90,F-040
MHR230,φ2×40,3,90,G-089
RSES230,φ2×40,3,100,L-009
RSE230,φ2×40,6,90,L-016
MHRH230,φ2×50,1.6,100,F-040
MHR230,φ2×50,3,100,G-089
RSES230,φ2×50,3,100,L-009
RSE230,φ2×50,6,110,L-016
MHR230,φ2×60,3,110,G-089
RSES230,φ2×60,3,120,L-010
RSE230,φ2×60,6,110,L-016
RSES230,φ2×70,3,150,L-010
RSE230,φ2×70,6,110,L-016
MSE230,φ2.05,5,45,G-039
NX-25,φ2.1,2.1,40,R-008
MSE230SS,φ2.1,2.1,45,G-032
MSZ345,φ2.1,3.2,45,I-010
NX-30,φ2.1,4.2,40,R-012
MXH230,φ2.1,4.2,45,F-012
MXH230P,φ2.1,4.2,45,F-022
MX230,φ2.1,4.2,45,G-014
AL2D-2,φ2.1,4.2,45,J-006
NC-4,φ2.1,4.2,45,R-044
MSUSZ440,φ2.1,4.2,50,I-006
MSCZ440,φ2.1,4.2,50,I-008
MSE230,φ2.1,5.5,45,G-039
MXH235,φ2.1,6.3,45,F-014
MXH235P,φ2.1,6.3,45,F-024
MX235,φ2.1,6.3,45,G-016
NX-35,φ2.1,6.3,45,R-016
MX240,φ2.1,8.4,45,G-018
NX-40,φ2.1,8.4,50,R-020
NX-45,φ2.1,10.5,50,R-024
ALZ345,φ2.1×6.3,3.2,45,"I-022,J-026"
MSE230,φ2.15,5.5,45,G-039
NX-25,φ2.2,2.2,40,R-008
MSE230SS,φ2.2,2.2,45,G-032
MSZ345,φ2.2,3.3,45,I-010
NX-30,φ2.2,4.4,40,R-012
MXH230,φ2.2,4.4,45,F-012
MXH230P,φ2.2,4.4,45,F-022
MX230,φ2.2,4.4,45,G-014
AL2D-2,φ2.2,4.4,45,J-006
NC-4,φ2.2,4.4,45,R-044
MSUSZ440,φ2.2,4.4,50,I-006
MSCZ440,φ2.2,4.4,50,I-008
MSE230,φ2.2,5.5,45,G-039
MXH235,φ2.2,6.6,45,F-014
MXH235P,φ2.2,6.6,45,F-024
MX235,φ2.2,6.6,45,G-016
NX-35,φ2.2,6.6,45,R-016
MX240,φ2.2,8.8,45,G-018
NX-40,φ2.2,8.8,50,R-020
NX-45,φ2.2,11,50,R-024
ALZ345,φ2.2×6.6,3.3,45,"I-022,J-026"
MSE230,φ2.25,5.5,45,G-039
NX-25,φ2.3,2.3,40,R-008
MSE230SS,φ2.3,2.3,45,G-032
MSZ345,φ2.3,3.5,45,I-010
NX-30,φ2.3,4.6,40,R-012
MXH230,φ2.3,4.6,45,F-012
MXH230P,φ2.3,4.6,45,F-022
MX230,φ2.3,4.6,45,G-014
AL2D-2,φ2.3,4.6,45,J-006
NC-4,φ2.3,4.6,45,R-044
MSUSZ440,φ2.3,4.6,50,I-006
MSCZ440,φ2.3,4.6,50,I-008
MSE230,φ2.3,6,45,G-039
MXH235,φ2.3,6.9,45,F-014
MXH235P,φ2.3,6.9,45,F-024
MX235,φ2.3,6.9,45,G-016
NX-35,φ2.3,6.9,45,R-016
MX240,φ2.3,9.2,45,G-018
NX-40,φ2.3,9.2,50,R-020
NX-45,φ2.3,11.5,50,R-024
ALZ345,φ2.3×6.9,3.5,45,"I-022,J-026"
MSE230,φ2.35,6,45,G-039
NX-25,φ2.4,2.4,40,R-008
MSE230SS,φ2.4,2.4,45,G-032
MSZ345,φ2.4,3.6,45,I-010
NX-30,φ2.4,4.8,40,R-012
MXH230,φ2.4,4.8,45,F-012
MXH230P,φ2.4,4.8,45,F-022
MX230,φ2.4,4.8,45,G-014
AL2D-2,φ2.4,4.8,45,J-006
NC-4,φ2.4,4.8,45,R-044
MSUSZ440,φ2.4,4.8,50,I-006
MSCZ440,φ2.4,4.8,50,I-008
MSE230,φ2.4,6,45,G-039
MXH235,φ2.4,7.2,45,F-014
MXH235P,φ2.4,7.2,45,F-024
MX235,φ2.4,7.2,45,G-016
NX-35,φ2.4,7.2,45,R-016
MX240,φ2.4,9.6,45,G-018
NX-40,φ2.4,9.6,50,R-020
NX-45,φ2.4,12,50,R-024
ALZ345,φ2.4×7.2,3.6,45,"I-022,J-026"
MSE230,φ2.45,6,45,G-039
NX-25,φ2.5,2.5,40,R-008
MXH225,φ2.5,2.5,45,F-010
MXH225P,φ2.5,2.5,45,F-020
MX225,φ2.5,2.5,45,G-012
MX425,φ2.5,2.5,45,G-022
MSE230SS,φ2.5,2.5,45,G-032
MSZ345,φ2.5,3.8,45,I-010
NX-30,φ2.5,5,40,R-012
NX-30X,φ2.5,5,40,S-004
MXH230,φ2.5,5,45,F-012
MXH230P,φ2.5,5,45,F-022
MX230,φ2.5,5,45,G-014
MX430,φ2.5,5,45,G-024
MSES230P,φ2.5,5,45,G-036
AL2D-2,φ2.5,5,45,J-006
AL2D-2DLC,φ2.5,5,45,J-008
NC-2,φ2.5,5,45,R-036
NC-4,φ2.5,5,45,R-044
NSL-2,φ2.5,5,45,R-052
DX,φ2.5,5,45,R-098
MSUSZ440,φ2.5,5,50,I-006
MSCZ440,φ2.5,5,50,I-008
NC-LS-2,φ2.5,5,100,R-042
MSE230,φ2.5,7,45,G-039
MSE230M,φ2.5,7,45,G-044
MSE245,φ2.5,7,45,G-046
MSE430P,φ2.5,7,45,G-050
MSE430,φ2.5,7,45,G-052
MSE445,φ2.5,7,45,G-054
MXH235,φ2.5,7.5,45,F-014
MXH235P,φ2.5,7.5,45,F-024
MX235,φ2.5,7.5,45,G-016
MX435,φ2.5,7.5,45,G-026
AL3D-2,φ2.5,7.5,45,J-010
AL3D-2DLC,φ2.5,7.5,45,J-012
NX-35,φ2.5,7.5,45,R-016
MSUSZ440,φ2.5,7.5,60,I-006
MSCZ440,φ2.5,7.5,60,I-008
NCM-2,φ2.5,8,45,R-038
NCM-4,φ2.5,8,45,R-048
NE-2,φ2.5,8,45,R-028
MXH240,φ2.5,10,45,F-016
MX240,φ2.5,10,45,G-018
MX440,φ2.5,10,45,G-028
MSEM230,φ2.5,10,50,G-042
MSEM430,φ2.5,10,50,G-056
AL4D-2,φ2.5,10,50,J-014
AL4D-2DLC,φ2.5,10,50,J-016
NX-40,φ2.5,10,50,R-020
NCL-2,φ2.5,12,50,R-040
MXH245,φ2.5,12.5,50,F-018
MX245,φ2.5,12.5,50,G-020
MX445,φ2.5,12.5,50,G-030
AL5D-2,φ2.5,12.5,50,J-018
AL5D-2DLC,φ2.5,12.5,50,J-020
NX-45,φ2.5,12.5,50,R-024
DHR237,φ2.5×6,5,45,K-007
ALZ345-DLC,φ2.5×7.5,3.8,45,"I-020,J-030"
ALZ345,φ2.5×7.5,3.8,45,"I-022,J-026"
MSUSZ440-LN,φ2.5×7.5,3.8,50,I-016
MSCZ440-LN,φ2.5×7.5,3.8,50,I-018
MHRH230,φ2.5×8,2,50,F-040
MHRH430,φ2.5×8,2,50,F-045
NHR-2,φ2.5×8,3.7,45,R-056
NHR-2X,φ2.5×8,3.7,45,S-007
MHR230,φ2.5×8,3.7,50,G-089
MHR430,φ2.5×8,3.7,50,G-098
DHR237,φ2.5×8,5,50,K-007
MHR230,φ2.5×10,3.7,50,G-089
MSUSZ440-LN,φ2.5×10,3.8,50,I-016
MSCZ440-LN,φ2.5×10,3.8,50,I-018
DHR237,φ2.5×10,5,50,K-007
MHRH230,φ2.5×12,2,50,F-040
MHRH430,φ2.5×12,2,50,F-045
NHR-2,φ2.5×12,3.7,45,R-056
NHR-2X,φ2.5×12,3.7,45,S-007
MHR230,φ2.5×12,3.7,50,G-089
MHR430,φ2.5×12,3.7,50,G-098
DHR237,φ2.5×12,5,50,K-007
MSUSZ440-LN,φ2.5×12.5,3.8,60,I-016
MSCZ440-LN,φ2.5×12.5,3.8,60,I-018
DHR237,φ2.5×14,2.4,50,K-007
MHR230,φ2.5×14,3.7,50,G-089
MHRH230,φ2.5×16,2,60,F-040
MHRH430,φ2.5×16,2,60,F-045
NHR-2,φ2.5×16,3.7,55,R-056
NHR-2X,φ2.5×16,3.7,55,S-007
MHR230,φ2.5×16,3.7,60,G-089
MHR430,φ2.5×16,3.7,60,G-098
DHR237,φ2.5×16,5,50,K-007
MHR230,φ2.5×18,3.7,60,G-089
MHRH230,φ2.5×20,2,60,F-040
MHRH430,φ2.5×20,2,60,F-045
MHR230,φ2.5×20,3.7,60,G-089
MHR430,φ2.5×20,3.7,60,G-098
NHR-2,φ2.5×20,3.7,60,R-056
NHR-2X,φ2.5×20,3.7,60,S-007
DHR237,φ2.5×20,5,60,K-007
MHRH430,φ2.5×25,2,70,F-045
MHR230,φ2.5×25,3.7,70,G-089
MHR430,φ2.5×25,3.7,70,G-098
MHRH230,φ2.5×30,2,70,F-040
MHR230,φ2.5×30,3.7,70,G-089
MHRH230,φ2.5×40,2,90,F-040
MHR230,φ2.5×40,3.7,90,G-089
MHRH230,φ2.5×50,2,100,F-040
MHR230,φ2.5×50,3.7,100,G-089
MSE230,φ2.55,7,45,G-039
NX-25,φ2.6,2.6,40,R-008
MSE230SS,φ2.6,2.6,45,G-032
MSZ345,φ2.6,3.9,45,I-010
MXH230,φ2.6,5.2,45,F-012
MXH230P,φ2.6,5.2,45,F-022
MX230,φ2.6,5.2,45,G-014
AL2D-2,φ2.6,5.2,45,J-006
NX-30,φ2.6,5.2,45,R-012
NC-4,φ2.6,5.2,45,R-044
MSUSZ440,φ2.6,5.2,50,I-006
MSCZ440,φ2.6,5.2,50,I-008
MSE230,φ2.6,7,45,G-039
MXH235,φ2.6,7.8,45,F-014
MXH235P,φ2.6,7.8,45,F-024
MX235,φ2.6,7.8,45,G-016
NX-35,φ2.6,7.8,45,R-016
MX240,φ2.6,10.4,50,G-018
NX-40,φ2.6,10.4,50,R-020
NX-45,φ2.6,13,55,R-024
ALZ345,φ2.6×7.8,3.9,55,"I-022,J-026"
MSE230,φ2.65,7,45,G-039
NX-25,φ2.7,2.7,40,R-008
MSE230SS,φ2.7,2.7,45,G-032
MSZ345,φ2.7,4.1,45,I-010
MXH230,φ2.7,5.4,45,F-012
MXH230P,φ2.7,5.4,45,F-022
MX230,φ2.7,5.4,45,G-014
AL2D-2,φ2.7,5.4,45,J-006
NX-30,φ2.7,5.4,45,R-012
NC-4,φ2.7,5.4,45,R-044
MSUSZ440,φ2.7,5.4,50,I-006
MSCZ440,φ2.7,5.4,50,I-008
MSE230,φ2.7,7,45,G-039
MXH235,φ2.7,8.1,45,F-014
MXH235P,φ2.7,8.1,45,F-024
MX235,φ2.7,8.1,45,G-016
NX-35,φ2.7,8.1,45,R-016
MX240,φ2.7,10.8,50,G-018
NX-40,φ2.7,10.8,50,R-020
NX-45,φ2.7,13.5,55,R-024
ALZ345,φ2.7×8.1,4.1,55,"I-022,J-026"
MSE230,φ2.75,7,45,G-039
NX-25,φ2.8,2.8,40,R-008
MSE230SS,φ2.8,2.8,45,G-032
MSZ345,φ2.8,4.2,45,I-010
MXH230,φ2.8,5.6,45,F-012
MXH230P,φ2.8,5.6,45,F-022
MX230,φ2.8,5.6,45,G-014
AL2D-2,φ2.8,5.6,45,J-006
NX-30,φ2.8,5.6,45,R-012
NC-4,φ2.8,5.6,45,R-044
MSUSZ440,φ2.8,5.6,50,I-006
MSCZ440,φ2.8,5.6,50,I-008
MSE230,φ2.8,7,45,G-039
MXH235,φ2.8,8.4,45,F-014
MXH235P,φ2.8,8.4,45,F-024
MX235,φ2.8,8.4,45,G-016
NX-35,φ2.8,8.4,45,R-016
MX240,φ2.8,11.2,50,G-018
NX-40,φ2.8,11.2,50,R-020
NX-45,φ2.8,14,55,R-024
ALZ345,φ2.8×8.4,4.2,55,"I-022,J-026"
MSE230,φ2.85,8,50,G-039
NX-25,φ2.9,2.9,40,R-008
MSE230SS,φ2.9,2.9,50,G-032
MSZ345,φ2.9,4.5,45,I-010
MXH230,φ2.9,5.8,45,F-012
MXH230P,φ2.9,5.8,45,F-022
MX230,φ2.9,5.8,45,G-014
NX-30,φ2.9,5.8,45,R-012
NC-4,φ2.9,5.8,45,R-044
MSUSZ440,φ2.9,5.8,50,I-006
MSCZ440,φ2.9,5.8,50,I-008
AL2D-2,φ2.9,5.8,50,J-006
MSE230,φ2.9,8,50,G-039
MXH235,φ2.9,8.7,45,F-014
MXH235P,φ2.9,8.7,45,F-024
MX235,φ2.9,8.7,45,G-016
NX-35,φ2.9,8.7,45,R-016
MX240,φ2.9,11.6,50,G-018
NX-40,φ2.9,11.6,50,R-020
NX-45,φ2.9,14.5,55,R-024
ALZ345,φ2.9×8.7,4.4,55,"I-022,J-026"
MSE230,φ2.95,8,50,G-039
NX-25,φ3,3,40,R-008
MXH225,φ3,3,45,F-010
MXH225P,φ3,3,45,F-020
MX225,φ3,3,45,G-012
MX425,φ3,3,45,G-022
MSE230SS,φ3,3,50,G-032
RSES230,φ3,4.5,80,L-010
MXH230,φ3,6,45,F-012
MXH230P,φ3,6,45,F-022
MX230,φ3,6,45,G-014
MX430,φ3,6,45,G-024
NX-30,φ3,6,45,R-012
NC-2,φ3,6,45,R-036
NC-4,φ3,6,45,R-044
NSL-2,φ3,6,45,R-052
NX-30X,φ3,6,45,S-004
MSES230P,φ3,6,50,G-036
MSUSZ440,φ3,6,50,I-006
MSCZ440,φ3,6,50,I-008
MSZ345,φ3,6,50,I-010
AL2D-2,φ3,6,50,J-006
AL2D-2DLC,φ3,6,50,J-008
DX,φ3,6,50,R-098
MHDSH445,φ3,6,60,E-006
MHDH445,φ3,6,60,F-026
MHD445,φ3,6,60,G-058
NC-LS-2,φ3,6,120,R-042
NE-2,φ3,8,45,R-028
NE-3,φ3,8,45,R-030
NE-4,φ3,8,45,R-034
MSE430P,φ3,8,50,G-050
MSE230,φ3,8,50,G-039
MSE230M,φ3,8,50,G-044
MSE245,φ3,8,50,G-046
MSE345,φ3,8,50,G-048
MSE430,φ3,8,50,G-052
MSE445,φ3,8,50,G-054
MSX440,φ3,8,55,I-028
MXH235,φ3,9,45,F-014
MXH235P,φ3,9,45,F-024
MX235,φ3,9,45,G-016
MX435,φ3,9,45,G-026
DCSE235,φ3,9,45,M-006
NX-35,φ3,9,45,R-016
AL3D-2,φ3,9,50,J-010
AL3D-2DLC,φ3,9,50,J-012
RSE230,φ3,9,50,L-017
MHDSH445,φ3,9,60,E-006
MSUSZ440,φ3,9,60,I-006
MSCZ440,φ3,9,60,I-008
AL3D-345,φ3,9,60,"I-014,J-022"
RSE230,φ3,9,100,L-017
NCM-2,φ3,10,45,R-038
NCM-4,φ3,10,45,R-048
NEA-2,φ3,10,50,R-118
MXH240,φ3,12,50,F-016
MX240,φ3,12,50,G-018
MX440,φ3,12,50,G-028
NX-40,φ3,12,50,R-020
MSEM230,φ3,12,55,G-042
MSEM430,φ3,12,55,G-056
AL4D-2,φ3,12,55,J-014
AL4D-2DLC,φ3,12,55,J-016
DXM,φ3,12,60,R-100
MXH245,φ3,15,55,F-018
MX245,φ3,15,55,G-020
MX445,φ3,15,55,G-030
AL5D-2,φ3,15,55,J-018
AL5D-2DLC,φ3,15,55,J-020
NX-45,φ3,15,55,R-024
NEA-2,φ3,15,55,R-118
RSE230,φ3,15,60,L-017
DXL,φ3,15,70,R-102
RSE230,φ3,15,100,L-017
NCL-2,φ3,18,60,R-040
NCL-4,φ3,18,60,R-050
RSE230,φ3,20,60,L-017
NEA-2,φ3,20,60,R-118
RSE230,φ3,25,70,L-017
RSE230,φ3,30,70,L-017
DSF,φ3×3,1.5,60,R-106
NHR-2,φ3×8,4.5,45,R-056
NHR-2X,φ3×8,4.5,45,S-007
MHRH230,φ3×8,4.5,50,F-040
MHRH430,φ3×8,4.5,50,F-045
MHR230,φ3×8,4.5,50,G-089
MHR430,φ3×8,4.5,50,G-098
DHR237,φ3×8,6,50,K-007
MSUSZ440-LN,φ3×9,4.5,50,I-016
MSCZ440-LN,φ3×9,4.5,50,I-018
ALZ345-DLC,φ3×9,4.5,55,"I-020,J-030"
ALZ345,φ3×9,4.5,55,"I-022,J-026"
MHR230,φ3×10,4.5,50,G-089
RSES230,φ3×10,4.5,80,L-010
DHR237,φ3×10,6,50,K-007
NHR-2,φ3×12,4.5,45,R-056
NHR-2X,φ3×12,4.5,45,S-007
MHRH230,φ3×12,4.5,50,F-040
MHRH430,φ3×12,4.5,50,F-045
MHR230,φ3×12,4.5,50,G-089
MHR430,φ3×12,4.5,50,G-098
MSUSZ440-LN,φ3×12,4.5,50,I-016
MSCZ440-LN,φ3×12,4.5,50,I-018
RSES230,φ3×12,4.5,80,L-010
MHR230,φ3×14,4.5,50,G-089
MSUSZ440-LN,φ3×15,4.5,60,I-016
MSCZ440-LN,φ3×15,4.5,60,I-018
ALZ345,φ3×15,4.5,60,"I-022,J-026"
RSES230,φ3×15,4.5,80,L-010
DHR237,φ3×15,6,60,K-007
RSE230,φ3×15,9,60,L-017
NHR-2,φ3×16,4.5,55,R-056
NHR-2X,φ3×16,4.5,55,S-007
MHRH230,φ3×16,4.5,60,F-040
MHRH430,φ3×16,4.5,60,F-045
MHR230,φ3×16,4.5,60,G-089
MHR430,φ3×16,4.5,60,G-098
DCHR230,φ3×16,6,60,M-008
MHR230,φ3×18,4.5,60,G-089
MHRH230,φ3×20,4.5,60,F-040
MHRH430,φ3×20,4.5,60,F-045
MHR230,φ3×20,4.5,60,G-089
MHR430,φ3×20,4.5,60,G-098
NHR-2,φ3×20,4.5,60,R-056
NHR-2X,φ3×20,4.5,60,S-007
RSES230,φ3×20,4.5,80,L-010
DHR237,φ3×20,6,60,K-007
RSE230,φ3×20,9,60,L-017
RSES230,φ3×24,4.5,80,L-010
RSE230,φ3×24,9,70,L-017
NHR-2,φ3×25,4.5,65,R-056
NHR-2X,φ3×25,4.5,65,S-007
MHRH230,φ3×25,4.5,70,F-040
MHRH430,φ3×25,4.5,70,F-045
MHR230,φ3×25,4.5,70,G-089
MHR430,φ3×25,4.5,70,G-098
DHR237,φ3×25,6,70,K-007
MHRH230,φ3×30,4.5,70,F-040
MHRH430,φ3×30,4.5,70,F-045
MHR230,φ3×30,4.5,70,G-089
MHR430,φ3×30,4.5,70,G-098
RSES230,φ3×30,4.5,80,L-010
DCHR230,φ3×30,6,70,M-008
RSE230,φ3×30,9,70,L-017
MHR230,φ3×35,4.5,80,G-089
RSES230,φ3×36,4.5,80,L-010
RSE230,φ3×36,9,80,L-017
MHR230,φ3×40,4.5,90,G-090
RSES230,φ3×45,4.5,100,L-010
RSE230,φ3×45,9,90,L-017
MHR230,φ3×50,4.5,100,G-090
RSES230,φ3×60,4.5,120,L-010
RSE230,φ3×60,9,110,L-017
RSES230,φ3×75,4.5,150,L-010
RSE230,φ3×75,9,120,L-017
NX-25,φ3.1,3.1,40,R-008
MSE230SS,φ3.1,3.1,50,G-032
MX230,φ3.1,6.2,45,G-014
NX-30,φ3.1,6.2,45,R-012
NC-4,φ3.1,6.2,45,R-044
MSUSZ440,φ3.1,6.2,50,I-006
MSCZ440,φ3.1,6.2,50,I-008
MSZ345,φ3.1,6.2,50,I-010
MSE230,φ3.1,8,50,G-039
MX235,φ3.1,9.3,45,G-016
NX-35,φ3.1,9.3,50,R-016
MX240,φ3.1,12.4,50,G-018
NX-40,φ3.1,12.4,55,R-020
NX-45,φ3.1,15.5,60,R-024
ALZ345,φ3.1×9.3,4.7,55,"I-022,J-026"
NX-25,φ3.2,3.2,40,R-008
MSE230SS,φ3.2,3.2,50,G-032
MX230,φ3.2,6.4,45,G-014
NX-30,φ3.2,6.4,45,R-012
NC-4,φ3.2,6.4,45,R-044
MSUSZ440,φ3.2,6.4,50,I-006
MSCZ440,φ3.2,6.4,50,I-008
MSZ345,φ3.2,6.4,50,I-010
MSE230,φ3.2,8,50,G-039
MX235,φ3.2,9.6,45,G-016
NX-35,φ3.2,9.6,50,R-016
MX240,φ3.2,12.8,50,G-018
NX-40,φ3.2,12.8,55,R-020
NX-45,φ3.2,16,60,R-024
ALZ345,φ3.2×9.6,4.8,55,"I-022,J-026"
NX-25,φ3.3,3.3,40,R-008
MSE230SS,φ3.3,3.3,50,G-032
MX230,φ3.3,6.6,45,G-014
NX-30,φ3.3,6.6,45,R-012
NC-4,φ3.3,6.6,45,R-044
MSUSZ440,φ3.3,6.6,50,I-006
MSCZ440,φ3.3,6.6,50,I-008
MSZ345,φ3.3,6.6,50,I-010
MSE230,φ3.3,9,50,G-039
MX235,φ3.3,9.9,45,G-016
NX-35,φ3.3,9.9,50,R-016
MX240,φ3.3,13.2,50,G-018
NX-40,φ3.3,13.2,55,R-020
NX-45,φ3.3,16.5,60,R-024
ALZ345,φ3.3×9.9,5,55,"I-023,J-027"
NX-25,φ3.4,3.4,40,R-008
MSE230SS,φ3.4,3.4,50,G-032
MX230,φ3.4,6.8,45,G-014
NX-30,φ3.4,6.8,45,R-012
NC-4,φ3.4,6.8,45,R-044
MSUSZ440,φ3.4,6.8,50,I-006
MSCZ440,φ3.4,6.8,50,I-008
MSZ345,φ3.4,6.8,50,I-010
MSE230,φ3.4,9,50,G-039
MX235,φ3.4,10.2,45,G-016
NX-35,φ3.4,10.2,50,R-016
MX240,φ3.4,13.6,50,G-018
NX-40,φ3.4,13.6,55,R-020
NX-45,φ3.4,17,60,R-024
ALZ345,φ3.4×10.2,5.1,55,"I-023,J-027"
NX-25,φ3.5,3.5,40,R-008
MX425,φ3.5,3.5,45,G-022
MSE230SS,φ3.5,3.5,50,G-032
MXH230,φ3.5,7,45,F-012
MXH230P,φ3.5,7,45,F-022
MX230,φ3.5,7,45,G-014
MX430,φ3.5,7,45,G-024
NX-30,φ3.5,7,45,R-012
NC-2,φ3.5,7,45,R-036
NC-4,φ3.5,7,45,R-044
MSUSZ440,φ3.5,7,50,I-006
MSCZ440,φ3.5,7,50,I-008
MSZ345,φ3.5,7,50,I-010
AL2D-2,φ3.5,7,50,J-006
AL2D-2DLC,φ3.5,7,50,J-008
NE-2,φ3.5,9,45,R-028
MSE230,φ3.5,9,50,G-039
MSE430,φ3.5,9,50,G-052
NE-3,φ3.5,10,45,R-030
MXH235,φ3.5,10.5,45,F-014
MXH235P,φ3.5,10.5,45,F-024
MX235,φ3.5,10.5,45,G-016
MX435,φ3.5,10.5,45,G-026
NX-35,φ3.5,10.5,50,R-016
MSUSZ440,φ3.5,10.5,60,I-006
MSCZ440,φ3.5,10.5,60,I-008
NCM-2,φ3.5,11,50,R-038
NCM-4,φ3.5,11,50,R-048
MX240,φ3.5,14,50,G-018
MX440,φ3.5,14,50,G-028
NX-40,φ3.5,14,55,R-020
MX445,φ3.5,17.5,60,G-030
NX-45,φ3.5,17.5,60,R-024
MSUSZ440-LN,φ3.5×10.5,5.3,50,I-016
MSCZ440-LN,φ3.5×10.5,5.3,50,I-018
ALZ345-DLC,φ3.5×10.5,5.3,55,"I-020,J-030"
ALZ345,φ3.5×10.5,5.3,55,"I-023,J-027"
NHR-2,φ3.5×12,5.25,45,R-056
NHR-2X,φ3.5×12,5.25,45,S-007
MSUSZ440-LN,φ3.5×14,5.3,60,I-016
MSCZ440-LN,φ3.5×14,5.3,60,I-018
MHR430,φ3.5×15,5.5,60,G-098
NHR-2,φ3.5×16,5.25,55,R-056
NHR-2X,φ3.5×16,5.25,55,S-007
MSUSZ440-LN,φ3.5×17.5,5.3,60,I-016
MSCZ440-LN,φ3.5×17.5,5.3,60,I-018
NHR-2,φ3.5×20,5.25,60,R-056
NHR-2X,φ3.5×20,5.25,60,S-007
NHR-2,φ3.5×25,5.25,65,R-056
NHR-2X,φ3.5×25,5.25,65,S-007
MHR430,φ3.5×25,5.5,70,G-098
NHR-2,φ3.5×30,5.25,75,R-056
NHR-2X,φ3.5×30,5.25,75,S-007
MHR430,φ3.5×35,5.5,80,G-098
NX-25,φ3.6,3.6,40,R-008
MSE230SS,φ3.6,3.6,50,G-032
MX230,φ3.6,7.2,45,G-014
NX-30,φ3.6,7.2,45,R-012
NC-4,φ3.6,7.2,45,R-044
MSUSZ440,φ3.6,7.2,50,I-006
MSCZ440,φ3.6,7.2,50,I-008
MSZ345,φ3.6,7.2,50,I-010
MSE230,φ3.6,9,50,G-039
MX235,φ3.6,10.8,45,G-016
NX-35,φ3.6,10.8,50,R-016
MX240,φ3.6,14.4,50,G-018
NX-40,φ3.6,14.4,55,R-020
NX-45,φ3.6,18,60,R-024
ALZ345,φ3.6×10.8,5.4,55,"I-023,J-027"
NX-25,φ3.7,3.7,40,R-008
MSE230SS,φ3.7,3.7,50,G-032
MX230,φ3.7,7.4,45,G-014
NX-30,φ3.7,7.4,45,R-012
NC-4,φ3.7,7.4,45,R-044
MSUSZ440,φ3.7,7.4,50,I-006
MSCZ440,φ3.7,7.4,50,I-008
MSZ345,φ3.7,7.4,50,I-010
MSE230,φ3.7,10,50,G-039
MX235,φ3.7,11.1,45,G-016
NX-35,φ3.7,11.1,50,R-016
MX240,φ3.7,14.8,50,G-018
NX-40,φ3.7,14.8,55,R-020
NX-45,φ3.7,18.5,60,R-024
ALZ345,φ3.7×11.1,5.6,55,"I-023,J-027"
NX-25,φ3.8,3.8,40,R-008
MSE230SS,φ3.8,3.8,50,G-032
MX230,φ3.8,7.6,45,G-014
NX-30,φ3.8,7.6,45,R-012
NC-4,φ3.8,7.6,45,R-044
MSUSZ440,φ3.8,7.6,50,I-006
MSCZ440,φ3.8,7.6,50,I-008
MSZ345,φ3.8,7.6,50,I-010
MSE230,φ3.8,10,50,G-039
MX235,φ3.8,11.4,45,G-016
NX-35,φ3.8,11.4,50,R-016
MX240,φ3.8,15.2,50,G-018
NX-40,φ3.8,15.2,55,R-020
NX-45,φ3.8,19,60,R-024
ALZ345,φ3.8×11.4,5.7,55,"I-023,J-027"
NX-25,φ3.9,3.9,40,R-008
MSE230SS,φ3.9,3.9,50,G-032
MX230,φ3.9,7.8,45,G-014
NX-30,φ3.9,7.8,45,R-012
NC-4,φ3.9,7.8,45,R-044
MSUSZ440,φ3.9,7.8,50,I-006
MSCZ440,φ3.9,7.8,50,I-008
MSZ345,φ3.9,7.8,50,I-010
MSE230,φ3.9,10,50,G-039
MX235,φ3.9,11.7,45,G-016
NX-35,φ3.9,11.7,50,R-016
MX240,φ3.9,15.6,50,G-018
NX-40,φ3.9,15.6,55,R-020
NX-45,φ3.9,19.5,60,R-024
ALZ345,φ3.9×11.7,5.9,55,"I-023,J-027"
NX-25,φ4,4,40,R-008
MXH225,φ4,4,45,F-010
MXH225P,φ4,4,45,F-020
MX225,φ4,4,45,G-012
MX425,φ4,4,45,G-022
MSE230SS,φ4,4,50,G-032
RSES230,φ4,6,80,L-010
MXH230,φ4,8,45,F-012
MXH230P,φ4,8,45,F-022
MX230,φ4,8,45,G-014
MX430,φ4,8,45,G-024
NX-30,φ4,8,45,R-012
NC-2,φ4,8,45,R-036
NC-4,φ4,8,45,R-044
NSL-2,φ4,8,45,R-052
NX-30X,φ4,8,45,S-004
MSES230P,φ4,8,50,G-036
MSUSZ440,φ4,8,50,I-006
MSCZ440,φ4,8,50,I-008
MSZ345,φ4,8,50,I-010
AL2D-2,φ4,8,50,J-006
AL2D-2DLC,φ4,8,50,J-008
DX,φ4,8,50,R-098
MHDSH445,φ4,8,60,E-006
MHDH445,φ4,8,60,F-026
MHD445,φ4,8,60,G-058
NC-LS-2,φ4,8,120,R-042
NE-2,φ4,10,45,R-028
NE-3,φ4,10,45,R-030
NE-4,φ4,10,45,R-034
MSE230,φ4,10,50,G-039
MSE230M,φ4,10,50,G-044
MSE245,φ4,10,50,G-046
MSE345,φ4,10,50,G-048
MSE430P,φ4,10,50,G-050
MSE430,φ4,10,50,G-052
MSE445,φ4,10,50,G-054
MSX440,φ4,11,55,I-028
MXH235,φ4,12,50,F-014
MXH235P,φ4,12,50,F-024
MX235,φ4,12,50,G-016
MX435,φ4,12,50,G-026
AL3D-2,φ4,12,50,J-010
AL3D-2DLC,φ4,12,50,J-012
RSE230,φ4,12,50,L-017
DCSE235,φ4,12,50,M-006
NX-35,φ4,12,50,R-016
NCM-2,φ4,12,50,R-038
NCM-4,φ4,12,50,R-048
NEA-2,φ4,12,50,R-118
MHDSH445,φ4,12,60,E-006
MSUSZ440,φ4,12,60,I-006
MSCZ440,φ4,12,60,I-008
AL3D-345,φ4,12,70,"I-014,J-022"
RSE230,φ4,12,120,L-017
MXH240,φ4,16,55,F-016
MX240,φ4,16,55,G-018
MX440,φ4,16,55,G-028
NX-40,φ4,16,55,R-020
NEA-2,φ4,16,55,R-118
MSEM230,φ4,16,60,G-042
MSEM430,φ4,16,60,G-056
AL4D-2,φ4,16,60,J-014
AL4D-2DLC,φ4,16,60,J-016
DXM,φ4,16,60,R-100
MXH245,φ4,20,60,F-018
MX245,φ4,20,60,G-020
MX445,φ4,20,60,G-030
AL5D-2,φ4,20,60,J-018
AL5D-2DLC,φ4,20,60,J-020
RSE230,φ4,20,60,L-017
NX-45,φ4,20,60,R-024
DXL,φ4,20,70,R-102
RSE230,φ4,20,120,L-017
NCL-2,φ4,22,60,R-040
NCL-4,φ4,22,60,R-050
NEA-2,φ4,22,60,R-118
RSE230,φ4,30,70,L-017
RSE230,φ4,40,90,L-017
DSF,φ4×4,2,60,R-106
RSES230,φ4×10,6,80,L-010
DHR237,φ4×10,8,50,K-007
NHR-2,φ4×12,6,45,R-056
NHR-2X,φ4×12,6,45,S-007
MHRH430,φ4×12,6,50,F-045
MHR230,φ4×12,6,50,G-090
MHR430,φ4×12,6,50,G-098
MSUSZ440-LN,φ4×12,6,50,I-016
MSCZ440-LN,φ4×12,6,50,I-018
ALZ345-DLC,φ4×12,6,55,"I-020,J-030"
ALZ345,φ4×12,6,55,"I-023,J-027"
RSES230,φ4×15,6,80,L-010
DHR237,φ4×15,8,60,K-007
NHR-2,φ4×16,6,55,R-056
NHR-2X,φ4×16,6,55,S-007
MHRH430,φ4×16,6,60,F-045
MHR230,φ4×16,6,60,G-090
MHR430,φ4×16,6,60,G-098
MSUSZ440-LN,φ4×16,6,60,I-016
MSCZ440-LN,φ4×16,6,60,I-018
MHRH430,φ4×20,6,60,F-045
MHR230,φ4×20,6,60,G-090
MHR430,φ4×20,6,60,G-098
MSUSZ440-LN,φ4×20,6,60,I-016
MSCZ440-LN,φ4×20,6,60,I-018
NHR-2,φ4×20,6,60,R-056
NHR-2X,φ4×20,6,60,S-007
ALZ345,φ4×20,6,70,"I-023,J-027"
RSES230,φ4×20,6,80,L-010
DHR237,φ4×20,8,60,K-007
DCHR230,φ4×20,8,60,M-008
RSE230,φ4×20,12,60,L-017
NHR-2,φ4×25,6,65,R-056
NHR-2X,φ4×25,6,65,S-007
MHRH430,φ4×25,6,70,F-045
MHR230,φ4×25,6,70,G-090
MHR430,φ4×25,6,70,G-098
DHR237,φ4×25,8,70,K-007
MHRH430,φ4×30,6,70,F-045
MHR230,φ4×30,6,70,G-090
MHR430,φ4×30,6,70,G-098
NHR-2,φ4×30,6,70,R-056
NHR-2X,φ4×30,6,70,S-007
RSES230,φ4×30,6,80,L-010
DHR237,φ4×30,8,70,K-007
RSE230,φ4×30,12,70,L-017
NHR-2,φ4×35,6,75,R-056
NHR-2X,φ4×35,6,75,S-007
MHRH430,φ4×35,6,80,F-045
MHR230,φ4×35,6,80,G-090
MHR430,φ4×35,6,80,G-098
MHRH430,φ4×40,6,90,F-045
MHR230,φ4×40,6,90,G-090
MHR430,φ4×40,6,90,G-098
RSES230,φ4×40,6,100,L-010
DCHR230,φ4×40,8,90,M-008
RSE230,φ4×40,12,90,L-017
MHR230,φ4×45,6,90,G-090
MHR430,φ4×45,6,90,G-098
MHR230,φ4×50,6,100,G-090
MHR430,φ4×50,6,100,G-098
RSES230,φ4×55,6,120,L-010
RSE230,φ4×55,12,110,L-017
MHR230,φ4×60,6,110,G-090
RSES230,φ4×70,6,150,L-010
RSE230,φ4×70,12,120,L-017
NX-25,φ4.1,4.1,45,R-008
MSE230SS,φ4.1,4.1,50,G-032
MX230,φ4.1,8.2,45,G-014
NC-4,φ4.1,8.2,45,R-044
MSUSZ440,φ4.1,8.2,50,I-006
MSCZ440,φ4.1,8.2,50,I-008
MSZ345,φ4.1,8.2,50,I-010
NX-30,φ4.1,8.2,50,R-012
MSE230,φ4.1,11,50,G-039
MX235,φ4.1,12.3,50,G-016
NX-35,φ4.1,12.3,55,R-016
MX240,φ4.1,16.4,55,G-018
NX-40,φ4.1,16.4,60,R-020
NX-45,φ4.1,20.5,65,R-024
ALZ345,φ4.1×12.3,6.2,55,"I-023,J-027"
NX-25,φ4.2,4.2,45,R-008
MSE230SS,φ4.2,4.2,50,G-032
MX230,φ4.2,8.4,45,G-014
NC-4,φ4.2,8.4,45,R-044
MSUSZ440,φ4.2,8.4,50,I-006
MSCZ440,φ4.2,8.4,50,I-008
MSZ345,φ4.2,8.4,50,I-010
NX-30,φ4.2,8.4,50,R-012
MSE230,φ4.2,11,50,G-039
MX235,φ4.2,12.6,50,G-016
NX-35,φ4.2,12.6,55,R-016
MX240,φ4.2,16.8,55,G-018
NX-40,φ4.2,16.8,60,R-020
NX-45,φ4.2,21,65,R-024
ALZ345,φ4.2×12.6,6.3,55,"I-023,J-027"
NX-25,φ4.3,4.3,45,R-008
MSE230SS,φ4.3,4.3,50,G-032
MX230,φ4.3,8.6,45,G-014
NC-4,φ4.3,8.6,45,R-044
MSUSZ440,φ4.3,8.6,50,I-006
MSCZ440,φ4.3,8.6,50,I-008
MSZ345,φ4.3,8.6,50,I-010
NX-30,φ4.3,8.6,50,R-012
MSE230,φ4.3,11,50,G-039
MX235,φ4.3,12.9,50,G-016
NX-35,φ4.3,12.9,55,R-016
MX240,φ4.3,17.2,55,G-018
NX-40,φ4.3,17.2,60,R-020
NX-45,φ4.3,21.5,65,R-024
ALZ345,φ4.3×12.9,6.5,55,"I-023,J-027"
NX-25,φ4.4,4.4,45,R-008
MSE230SS,φ4.4,4.4,50,G-032
MX230,φ4.4,8.8,45,G-014
NC-4,φ4.4,8.8,45,R-044
MSUSZ440,φ4.4,8.8,50,I-006
MSCZ440,φ4.4,8.8,50,I-008
MSZ345,φ4.4,8.8,50,I-010
NX-30,φ4.4,8.8,50,R-012
MSE230,φ4.4,11,50,G-039
MX235,φ4.4,13.2,50,G-016
NX-35,φ4.4,13.2,55,R-016
MX240,φ4.4,17.6,55,G-018
NX-40,φ4.4,17.6,60,R-020
NX-45,φ4.4,22,65,R-024
ALZ345,φ4.4×13.2,6.6,55,"I-023,J-027"
NX-25,φ4.5,4.5,45,R-008
MX425,φ4.5,4.5,50,G-022
MSE230SS,φ4.5,4.5,55,G-032
NC-2,φ4.5,9,45,R-036
NC-4,φ4.5,9,45,R-044
MXH230,φ4.5,9,50,F-012
MXH230P,φ4.5,9,50,F-022
MX230,φ4.5,9,50,G-014
MX430,φ4.5,9,50,G-024
MSUSZ440,φ4.5,9,50,I-006
MSCZ440,φ4.5,9,50,I-008
MSZ345,φ4.5,9,50,I-010
NX-30,φ4.5,9,50,R-012
AL2D-2,φ4.5,9,55,J-006
AL2D-2DLC,φ4.5,9,55,J-008
MSE230,φ4.5,12,55,G-039
MSE430,φ4.5,12,55,G-052
NE-2,φ4.5,13,50,R-028
NE-3,φ4.5,13,50,R-030
NE-4,φ4.5,13,50,R-034
MXH235,φ4.5,13.5,50,F-014
MXH235P,φ4.5,13.5,50,F-024
MX235,φ4.5,13.5,50,G-016
MX435,φ4.5,13.5,50,G-026
NX-35,φ4.5,13.5,55,R-016
MSUSZ440,φ4.5,13.5,60,I-006
MSCZ440,φ4.5,13.5,60,I-008
NCM-2,φ4.5,14,55,R-038
NCM-4,φ4.5,14,55,R-048
MX240,φ4.5,18,55,G-018
MX440,φ4.5,18,55,G-028
NX-40,φ4.5,18,60,R-020
MX445,φ4.5,22.5,65,G-030
NX-45,φ4.5,22.5,65,R-024
MSUSZ440-LN,φ4.5×13.5,6.8,50,I-016
MSCZ440-LN,φ4.5×13.5,6.8,50,I-018
ALZ345-DLC,φ4.5×13.5,6.8,55,"I-020,J-030"
ALZ345,φ4.5×13.5,6.8,55,"I-023,J-027"
MSUSZ440-LN,φ4.5×18,6.8,60,I-016
MSCZ440-LN,φ4.5×18,6.8,60,I-018
MSUSZ440-LN,φ4.5×22.5,6.8,60,I-016
MSCZ440-LN,φ4.5×22.5,6.8,60,I-018
NX-25,φ4.6,4.6,45,R-008
MSE230SS,φ4.6,4.6,55,G-032
MX230,φ4.6,9.2,50,G-014
MSUSZ440,φ4.6,9.2,50,I-006
MSCZ440,φ4.6,9.2,50,I-008
MSZ345,φ4.6,9.2,50,I-010
NX-30,φ4.6,9.2,50,R-012
NC-4,φ4.6,9.2,50,R-044
MSE230,φ4.6,12,55,G-039
MX235,φ4.6,13.8,55,G-016
NX-35,φ4.6,13.8,55,R-016
MX240,φ4.6,18.4,55,G-018
NX-40,φ4.6,18.4,60,R-020
NX-45,φ4.6,23,65,R-024
ALZ345,φ4.6×13.8,6.9,55,"I-023,J-027"
NX-25,φ4.7,4.7,45,R-008
MSE230SS,φ4.7,4.7,55,G-032
MX230,φ4.7,9.4,50,G-014
MSUSZ440,φ4.7,9.4,50,I-006
MSCZ440,φ4.7,9.4,50,I-008
MSZ345,φ4.7,9.4,50,I-010
NX-30,φ4.7,9.4,50,R-012
NC-4,φ4.7,9.4,50,R-044
MSE230,φ4.7,12,55,G-039
MX235,φ4.7,14.1,55,G-016
NX-35,φ4.7,14.1,55,R-016
MX240,φ4.7,18.8,55,G-018
NX-40,φ4.7,18.8,60,R-020
NX-45,φ4.7,23.5,65,R-024
ALZ345,φ4.7×14.1,7.1,55,"I-023,J-027"
NX-25,φ4.8,4.8,45,R-008
MSE230SS,φ4.8,4.8,55,G-032
MX230,φ4.8,9.6,50,G-014
MSUSZ440,φ4.8,9.6,50,I-006
MSCZ440,φ4.8,9.6,50,I-008
MSZ345,φ4.8,9.6,50,I-010
NX-30,φ4.8,9.6,50,R-012
NC-4,φ4.8,9.6,50,R-044
MSE230,φ4.8,12,55,G-039
MX235,φ4.8,14.4,55,G-016
NX-35,φ4.8,14.4,55,R-016
MX240,φ4.8,19.2,55,G-018
NX-40,φ4.8,19.2,60,R-020
NX-45,φ4.8,24,65,R-024
ALZ345,φ4.8×14.4,7.2,55,"I-023,J-027"
NX-25,φ4.9,4.9,45,R-008
MSE230SS,φ4.9,4.9,55,G-032
MX230,φ4.9,9.8,50,G-014
MSUSZ440,φ4.9,9.8,50,I-006
MSCZ440,φ4.9,9.8,50,I-008
MSZ345,φ4.9,9.8,50,I-010
NX-30,φ4.9,9.8,50,R-012
NC-4,φ4.9,9.8,50,R-044
MSE230,φ4.9,13,55,G-039
MX235,φ4.9,14.7,55,G-016
NX-35,φ4.9,14.7,55,R-016
MX240,φ4.9,19.6,55,G-018
NX-40,φ4.9,19.6,60,R-020
NX-45,φ4.9,24.5,65,R-024
ALZ345,φ4.9×14.7,7.4,55,"I-023,J-027"
NX-25,φ5,5,45,R-008
MXH225,φ5,5,50,F-010
MXH225P,φ5,5,50,F-020
MX225,φ5,5,50,G-012
MX425,φ5,5,50,G-022
MSE230SS,φ5,5,55,G-032
AL-3LS,φ5,7.5,80,J-024
RSES230,φ5,7.5,80,L-010
MXH230,φ5,10,50,F-012
MXH230P,φ5,10,50,F-022
MX230,φ5,10,50,G-014
MX430,φ5,10,50,G-024
MSUSZ440,φ5,10,50,I-006
MSCZ440,φ5,10,50,I-008
MSZ345,φ5,10,50,I-010
NX-30,φ5,10,50,R-012
NC-2,φ5,10,50,R-036
NC-4,φ5,10,50,R-044
NSL-2,φ5,10,50,R-052
NX-30X,φ5,10,50,S-004
MSES230P,φ5,10,55,G-036
AL2D-2,φ5,10,55,J-006
AL2D-2DLC,φ5,10,55,J-008
MHDSH645,φ5,10,60,E-008
MHDH645,φ5,10,60,F-028
MHD645,φ5,10,60,G-060
RSE230,φ5,10,60,L-017
DX,φ5,10,60,R-098
NC-LS-2,φ5,10,130,R-042
NE-2,φ5,13,50,R-028
NE-3,φ5,13,50,R-030
NE-4,φ5,13,50,R-034
MSE230,φ5,13,55,G-039
MSE230M,φ5,13,55,G-044
MSE245,φ5,13,55,G-046
MSE345,φ5,13,55,G-048
MSE430P,φ5,13,55,G-050
MSE430,φ5,13,55,G-052
MSE445,φ5,13,55,G-054
MSX440,φ5,13,55,I-028
NEA-2,φ5,14,55,R-118
MXH235,φ5,15,55,F-014
MXH235P,φ5,15,55,F-024
MX235,φ5,15,55,G-016
MX435,φ5,15,55,G-026
AL3D-2,φ5,15,55,J-010
AL3D-2DLC,φ5,15,55,J-012
DCSE235,φ5,15,55,M-006
NX-35,φ5,15,55,R-016
NCM-2,φ5,15,55,R-038
NCM-4,φ5,15,55,R-048
MSUSZ440,φ5,15,60,I-006
MSCZ440,φ5,15,60,I-008
MHDSH645,φ5,15,65,E-008
MHDH645,φ5,15,65,F-028
RSE230,φ5,15,70,L-017
AL3D-345,φ5,15,80,"I-014,J-022"
MXH240,φ5,20,60,F-016
MX240,φ5,20,60,G-018
MX440,φ5,20,60,G-028
NX-40,φ5,20,60,R-020
MSEM230,φ5,20,65,G-042
MSEM430,φ5,20,65,G-056
AL4D-2,φ5,20,65,J-014
AL4D-2DLC,φ5,20,65,J-016
DXM,φ5,20,70,R-100
NEA-2,φ5,22,60,R-118
MXH245,φ5,25,65,F-018
MX245,φ5,25,65,G-020
MX445,φ5,25,65,G-030
AL5D-2,φ5,25,65,J-018
AL5D-2DLC,φ5,25,65,J-020
NX-45,φ5,25,65,R-024
NCL-2,φ5,25,65,R-040
NCL-4,φ5,25,65,R-050
RSE230,φ5,25,80,L-017
DXL,φ5,25,80,R-102
NEA-2,φ5,28,65,R-118
RSE230,φ5,35,90,L-017
RSE230,φ5,40,100,L-017
DSF,φ5×5,2.5,60,R-106
MSUSZ440-LN,φ5×15,7.5,50,I-016
MSCZ440-LN,φ5×15,7.5,50,I-018
ALZ345-DLC,φ5×15,7.5,55,"I-020,J-030"
ALZ345,φ5×15,7.5,55,"I-023,J-027"
DHR237,φ5×15,10,50,K-007
NHR-2,φ5×16,7.5,55,R-056
NHR-2X,φ5×16,7.5,55,S-007
MHRH430,φ5×16,7.5,60,F-045
MHR230,φ5×16,7.5,60,G-090
MHR430,φ5×16,7.5,60,G-098
MHR230,φ5×20,7.5,60,G-090
MSUSZ440-LN,φ5×20,7.5,60,I-016
MSCZ440-LN,φ5×20,7.5,60,I-018
NHR-2,φ5×20,7.5,60,R-056
NHR-2X,φ5×20,7.5,60,S-007
DHR237,φ5×20,10,60,K-007
MSUSZ440-LN,φ5×25,7.5,60,I-016
MSCZ440-LN,φ5×25,7.5,60,I-018
NHR-2,φ5×25,7.5,65,R-056
NHR-2X,φ5×25,7.5,65,S-007
MHRH430,φ5×25,7.5,70,F-045
MHR230,φ5×25,7.5,70,G-090
MHR430,φ5×25,7.5,70,G-098
ALZ345,φ5×25,7.5,80,"I-023,J-027"
DHR237,φ5×25,10,60,K-007
NHR-2,φ5×30,7.5,75,R-056
NHR-2X,φ5×30,7.5,75,S-007
MHR230,φ5×30,7.5,80,G-090
RSES230,φ5×30,7.5,80,L-010
DHR237,φ5×30,10,70,K-007
RSE230,φ5×30,15,90,L-017
MHRH430,φ5×35,7.5,80,F-045
MHR230,φ5×35,7.5,80,G-090
MHR430,φ5×35,7.5,80,G-098
NHR-2,φ5×35,7.5,80,R-056
NHR-2X,φ5×35,7.5,80,S-007
MHR230,φ5×40,7.5,90,G-090
NHR-2,φ5×40,7.5,90,R-056
NHR-2X,φ5×40,7.5,90,S-007
RSES230,φ5×40,7.5,100,L-010
RSE230,φ5×40,15,100,L-017
MHRH430,φ5×50,7.5,110,F-045
MHR230,φ5×50,7.5,110,G-090
MHR430,φ5×50,7.5,110,G-098
RSES230,φ5×55,7.5,120,L-010
RSE230,φ5×55,15,120,L-017
MHR230,φ5×60,7.5,120,G-090
RSES230,φ5×70,7.5,150,L-010
RSE230,φ5×70,15,130,L-017
NX-25,φ5.1,5.1,50,R-008
MSE230SS,φ5.1,5.1,55,G-032
MX230,φ5.1,10.2,50,G-014
MSUSZ440,φ5.1,10.2,50,I-006
MSCZ440,φ5.1,10.2,50,I-008
NX-30,φ5.1,10.2,50,R-012
NC-4,φ5.1,10.2,50,R-044
MSZ345,φ5.1,10.2,55,I-010
MSE230,φ5.1,13,55,G-039
MX235,φ5.1,15.3,55,G-016
NX-35,φ5.1,15.3,60,R-016
MX240,φ5.1,20.4,60,G-018
NX-40,φ5.1,20.4,65,R-020
NX-45,φ5.1,25.5,75,R-024
ALZ345,φ5.1×15.3,7.7,55,"I-023,J-027"
NX-25,φ5.2,5.2,50,R-008
MSE230SS,φ5.2,5.2,55,G-032
MX230,φ5.2,10.4,50,G-014
MSUSZ440,φ5.2,10.4,50,I-006
MSCZ440,φ5.2,10.4,50,I-008
NX-30,φ5.2,10.4,50,R-012
NC-4,φ5.2,10.4,50,R-044
MSZ345,φ5.2,10.4,55,I-010
MSE230,φ5.2,13,55,G-039
MX235,φ5.2,15.6,55,G-016
NX-35,φ5.2,15.6,60,R-016
MX240,φ5.2,20.8,60,G-018
NX-40,φ5.2,20.8,65,R-020
NX-45,φ5.2,26,75,R-024
ALZ345,φ5.2×15.6,7.8,55,"I-023,J-027"
NX-25,φ5.3,5.3,50,R-008
MSE230SS,φ5.3,5.3,55,G-032
MX230,φ5.3,10.6,50,G-014
MSUSZ440,φ5.3,10.6,50,I-006
MSCZ440,φ5.3,10.6,50,I-008
NX-30,φ5.3,10.6,50,R-012
NC-4,φ5.3,10.6,50,R-044
MSZ345,φ5.3,10.6,55,I-010
MSE230,φ5.3,14,55,G-039
MX235,φ5.3,15.9,55,G-016
NX-35,φ5.3,15.9,60,R-016
MX240,φ5.3,21.2,60,G-018
NX-40,φ5.3,21.2,65,R-020
NX-45,φ5.3,26.5,75,R-024
ALZ345,φ5.3×15.9,8,55,"I-023,J-027"
NX-25,φ5.4,5.4,50,R-008
MSE230SS,φ5.4,5.4,55,G-032
MX230,φ5.4,10.8,50,G-014
MSUSZ440,φ5.4,10.8,50,I-006
MSCZ440,φ5.4,10.8,50,I-008
NX-30,φ5.4,10.8,50,R-012
NC-4,φ5.4,10.8,50,R-044
MSZ345,φ5.4,10.8,55,I-010
MSE230,φ5.4,14,55,G-039
MX235,φ5.4,16.2,55,G-016
NX-35,φ5.4,16.2,60,R-016
MX240,φ5.4,21.6,60,G-018
NX-40,φ5.4,21.6,65,R-020
NX-45,φ5.4,27,75,R-024
ALZ345,φ5.4×16.2,8.1,55,"I-023,J-027"
MX425,φ5.5,5.5,50,G-022
NX-25,φ5.5,5.5,50,R-008
MSE230SS,φ5.5,5.5,55,G-032
MXH230,φ5.5,11,50,F-012
MXH230P,φ5.5,11,50,F-022
MX230,φ5.5,11,50,G-014
MX430,φ5.5,11,50,G-024
MSUSZ440,φ5.5,11,50,I-006
MSCZ440,φ5.5,11,50,I-008
NX-30,φ5.5,11,50,R-012
NC-2,φ5.5,11,50,R-036
NC-4,φ5.5,11,50,R-044
AL2D-2,φ5.5,11,55,J-006
AL2D-2DLC,φ5.5,11,55,J-008
MSZ345,φ5.5,11.2,55,I-010
NE-2,φ5.5,13,50,R-028
NE-3,φ5.5,13,50,R-030
MSE230,φ5.5,14,55,G-039
MSE430,φ5.5,14,55,G-052
MXH235,φ5.5,16.5,60,F-014
MXH235P,φ5.5,16.5,60,F-024
MX235,φ5.5,16.5,60,G-016
MX435,φ5.5,16.5,60,G-026
MSUSZ440,φ5.5,16.5,60,I-006
MSCZ440,φ5.5,16.5,60,I-008
NX-35,φ5.5,16.5,60,R-016
NCM-2,φ5.5,17,55,R-038
NCM-4,φ5.5,17,55,R-048
MX240,φ5.5,22,65,G-018
MX440,φ5.5,22,65,G-028
NX-40,φ5.5,22,65,R-020
MX445,φ5.5,27.5,75,G-030
NX-45,φ5.5,27.5,75,R-024
MSUSZ440-LN,φ5.5×16.5,8.3,50,I-016
MSCZ440-LN,φ5.5×16.5,8.3,50,I-018
ALZ345-DLC,φ5.5×16.5,8.3,55,"I-020,J-030"
ALZ345,φ5.5×16.5,8.3,55,"I-023,J-027"
MSUSZ440-LN,φ5.5×22,8.3,60,I-016
MSCZ440-LN,φ5.5×22,8.3,60,I-018
MSUSZ440-LN,φ5.5×27.5,8.3,60,I-016
MSCZ440-LN,φ5.5×27.5,8.3,60,I-018
NX-25,φ5.6,5.6,50,R-008
MSE230SS,φ5.6,5.6,55,G-032
MX230,φ5.6,11.2,50,G-014
MSUSZ440,φ5.6,11.2,50,I-006
MSCZ440,φ5.6,11.2,50,I-008
NX-30,φ5.6,11.2,50,R-012
NC-4,φ5.6,11.2,55,R-044
MSZ345,φ5.6,11.4,55,I-010
MSE230,φ5.6,14,55,G-039
MX235,φ5.6,16.8,60,G-016
NX-35,φ5.6,16.8,60,R-016
MX240,φ5.6,22.4,65,G-018
NX-40,φ5.6,22.4,65,R-020
NX-45,φ5.6,28,75,R-024
ALZ345,φ5.6×16.8,8.4,55,"I-023,J-027"
NX-25,φ5.7,5.7,50,R-008
MSE230SS,φ5.7,5.7,55,G-032
MX230,φ5.7,11.4,50,G-014
MSUSZ440,φ5.7,11.4,50,I-006
MSCZ440,φ5.7,11.4,50,I-008
NX-30,φ5.7,11.4,50,R-012
NC-4,φ5.7,11.4,55,R-044
MSZ345,φ5.7,11.6,55,I-010
MSE230,φ5.7,15,55,G-039
MX235,φ5.7,17.1,60,G-016
NX-35,φ5.7,17.1,60,R-016
MX240,φ5.7,22.8,65,G-018
NX-40,φ5.7,22.8,65,R-020
NX-45,φ5.7,28.5,75,R-024
ALZ345,φ5.7×17.1,8.6,55,"I-023,J-027"
NX-25,φ5.8,5.8,50,R-008
MSE230SS,φ5.8,5.8,55,G-032
MX230,φ5.8,11.6,50,G-014
MSUSZ440,φ5.8,11.6,50,I-006
MSCZ440,φ5.8,11.6,50,I-008
NX-30,φ5.8,11.6,50,R-012
NC-4,φ5.8,11.6,55,R-044
MSZ345,φ5.8,12,55,I-010
MSE230,φ5.8,15,55,G-039
MX235,φ5.8,17.4,60,G-016
NX-35,φ5.8,17.4,60,R-016
MX240,φ5.8,23.2,65,G-018
NX-40,φ5.8,23.2,65,R-020
NX-45,φ5.8,29,75,R-024
ALZ345,φ5.8×17.4,8.7,55,"I-023,J-027"
NX-25,φ5.9,5.9,50,R-008
MSE230SS,φ5.9,5.9,55,G-032
MX230,φ5.9,11.8,50,G-014
MSUSZ440,φ5.9,11.8,50,I-006
MSCZ440,φ5.9,11.8,50,I-008
NX-30,φ5.9,11.8,50,R-012
NC-4,φ5.9,11.8,55,R-044
MSZ345,φ5.9,12.4,55,I-010
MSE230,φ5.9,15,55,G-039
MX235,φ5.9,17.7,60,G-016
NX-35,φ5.9,17.7,60,R-016
MX240,φ5.9,23.6,65,G-018
NX-40,φ5.9,23.6,65,R-020
NX-45,φ5.9,29.5,75,R-024
ALZ345,φ5.9×17.7,8.9,55,"I-023,J-027"
MXH225,φ6,6,50,F-010
MXH225P,φ6,6,50,F-020
MX225,φ6,6,50,G-012
MX425,φ6,6,50,G-022
NX-25,φ6,6,50,R-008
MSE230SS,φ6,6,55,G-032
AL-3LS,φ6,9,80,J-024
RSES230,φ6,9,90,L-010
ALZ345,φ6,9,110,"I-023,J-027"
MXH230,φ6,12,50,F-012
MXH230P,φ6,12,50,F-022
MX230,φ6,12,50,G-014
MX430,φ6,12,50,G-024
NX-30,φ6,12,50,R-012
NX-30X,φ6,12,50,S-004
MSES230P,φ6,12,55,G-036
AL2D-2,φ6,12,55,J-006
AL2D-2DLC,φ6,12,55,J-008
NC-2,φ6,12,55,R-036
NC-4,φ6,12,55,R-044
NSL-2,φ6,12,55,R-052
MHDSH645,φ6,12,60,E-008
MHDH645,φ6,12,60,F-028
MSUSZ440,φ6,12,60,I-006
MSCZ440,φ6,12,60,I-008
DX,φ6,12,60,R-098
RSE230,φ6,12,70,L-017
NC-LS-2,φ6,12,130,R-042
NE-2,φ6,13,50,R-028
NE-3,φ6,13,50,R-030
NE-4,φ6,13,50,R-034
MSZ345,φ6,13,55,I-010
MSX440,φ6,13,55,I-028
MSE230,φ6,15,55,G-039
MSE230M,φ6,15,55,G-044
MSE245,φ6,15,55,G-046
MSE345,φ6,15,55,G-048
MSE430,φ6,15,55,G-052
MSE430P,φ6,15,55,G-050
MSE445,φ6,15,55,G-054
MHD645,φ6,15,60,G-060
DHS,φ6,15,70,R-104
NEA-2,φ6,16,55,R-118
MXH235,φ6,18,60,F-014
MXH235P,φ6,18,60,F-024
MX235,φ6,18,60,G-016
MX435,φ6,18,60,G-026
MSUSZ440,φ6,18,60,I-006
MSCZ440,φ6,18,60,I-008
AL3D-2,φ6,18,60,J-010
AL3D-2DLC,φ6,18,60,J-012
DCSE235,φ6,18,60,M-006
NX-35,φ6,18,60,R-016
NCM-2,φ6,18,60,R-038
NCM-4,φ6,18,60,R-048
MHDSH645,φ6,18,65,E-008
MHDH645,φ6,18,65,F-028
AL3D-345,φ6,18,80,"I-014,J-022"
RSE230,φ6,18,80,L-017
NEA-2,φ6,22,60,R-118
MXH240,φ6,24,65,F-016
MX240,φ6,24,65,G-018
MX440,φ6,24,65,G-028
NX-40,φ6,24,65,R-020
DXM,φ6,24,70,R-100
MSEM230,φ6,24,75,G-042
MSEM430,φ6,24,75,G-056
AL4D-2,φ6,24,75,J-014
AL4D-2DLC,φ6,24,75,J-016
NCL-2,φ6,25,65,R-040
NCL-4,φ6,25,65,R-050
NEL-3,φ6,25,75,R-032
RSE230,φ6,25,80,L-017
NEA-2,φ6,30,70,R-118
MXH245,φ6,30,75,F-018
MX245,φ6,30,75,G-020
MX445,φ6,30,75,G-030
AL5D-2,φ6,30,75,J-018
AL5D-2DLC,φ6,30,75,J-020
NX-45,φ6,30,75,R-024
DXL,φ6,30,80,R-102
RSE230,φ6,30,90,L-017
RSE230,φ6,40,100,L-017
RSE230,φ6,50,120,L-017
DSF,φ6×6,3,60,R-106
DHR237,φ6×15,12,50,K-007
MSUSZ440-LN,φ6×18,9,60,I-016
MSCZ440-LN,φ6×18,9,60,I-018
ALZ345-DLC,φ6×18,9,60,"I-020,J-030"
ALZ345,φ6×18,9,60,"I-023,J-027"
MHRH430,φ6×20,9,80,F-045
MHR230,φ6×20,9,80,G-090
MHR430,φ6×20,9,80,G-098
DHR237,φ6×20,12,60,K-007
MSUSZ440-LN,φ6×24,9,60,I-016
MSCZ440-LN,φ6×24,9,60,I-018
MSUSZ440-LN,φ6×30,9,70,I-016
MSCZ440-LN,φ6×30,9,70,I-018
ALZ345,φ6×30,9,80,"I-023,J-027"
MHRH430,φ6×30,9,90,F-045
MHR230,φ6×30,9,90,G-090
MHR430,φ6×30,9,90,G-098
DHR237,φ6×30,12,70,K-007
DCHR230,φ6×30,12,90,M-008
RSES230,φ6×40,9,90,L-010
MHRH430,φ6×40,9,100,F-045
MHR230,φ6×40,9,100,G-090
MHR430,φ6×40,9,100,G-098
RSE230,φ6×40,18,100,L-017
MHRH430,φ6×50,9,110,F-045
MHR230,φ6×50,9,110,G-090
MHR430,φ6×50,9,110,G-099
DHR237,φ6×50,12,90,K-007
MHR230,φ6×60,9,120,G-090
RSES230,φ6×60,9,120,L-010
RSE230,φ6×60,18,120,L-017
RSES230,φ6×80,9,150,L-010
RSE230,φ6×80,18,130,L-017
NX-25,φ6.1,6.1,55,R-008
NC-4,φ6.1,12.2,55,R-044
NX-30,φ6.1,12.2,60,R-012
MSZ345,φ6.1,13,65,I-011
NX-35,φ6.1,18.3,70,R-016
NX-40,φ6.1,24.4,80,R-020
NX-45,φ6.1,30.5,90,R-024
ALZ345,φ6.1×18.3,9.2,70,"I-023,J-027"
NX-25,φ6.2,6.2,55,R-008
NC-4,φ6.2,12.4,55,R-044
NX-30,φ6.2,12.4,60,R-012
MSZ345,φ6.2,13,65,I-011
NX-35,φ6.2,18.6,70,R-016
NX-40,φ6.2,24.8,80,R-020
NX-45,φ6.2,31,90,R-024
ALZ345,φ6.2×18.6,9.3,70,"I-023,J-027"
NX-25,φ6.3,6.3,55,R-009
NC-4,φ6.3,12.6,55,R-044
NX-30,φ6.3,12.6,60,R-013
MSZ345,φ6.3,13.5,65,I-011
NX-35,φ6.3,18.9,70,R-017
NX-40,φ6.3,25.2,80,R-021
NX-45,φ6.3,31.5,90,R-025
ALZ345,φ6.3×18.9,9.5,70,"I-023,J-027"
NX-25,φ6.4,6.4,55,R-009
NC-4,φ6.4,12.8,55,R-044
NX-30,φ6.4,12.8,60,R-013
MSZ345,φ6.4,13.5,65,I-011
NX-35,φ6.4,19.2,70,R-017
NX-40,φ6.4,25.6,80,R-021
NX-45,φ6.4,32,90,R-025
ALZ345,φ6.4×19.2,9.6,70,"I-023,J-027"
NX-25,φ6.5,6.5,55,R-009
NC-2,φ6.5,13,55,R-036
NC-4,φ6.5,13,55,R-044
NX-30,φ6.5,13,60,R-013
MSZ345,φ6.5,13.5,65,I-011
MSE230,φ6.5,17,60,G-039
MSE430,φ6.5,17,60,G-052
NE-2,φ6.5,18,60,R-028
NE-3,φ6.5,18,60,R-030
NX-35,φ6.5,19.5,70,R-017
NCM-2,φ6.5,20,65,R-038
NCM-4,φ6.5,20,65,R-048
NX-40,φ6.5,26,80,R-021
NX-45,φ6.5,32.5,90,R-025
ALZ345,φ6.5×19.5,9.8,70,"I-023,J-027"
NX-25,φ6.6,6.6,55,R-009
NX-30,φ6.6,13.2,60,R-013
NC-4,φ6.6,13.2,60,R-044
MSZ345,φ6.6,14,65,I-011
NX-35,φ6.6,19.8,70,R-017
NX-40,φ6.6,26.4,80,R-021
NX-45,φ6.6,33,90,R-025
ALZ345,φ6.6×19.8,9.9,70,"I-023,J-027"
NX-25,φ6.7,6.7,55,R-009
NX-30,φ6.7,13.4,60,R-013
NC-4,φ6.7,13.4,60,R-044
MSZ345,φ6.7,14,65,I-011
NX-35,φ6.7,20.1,70,R-017
NX-40,φ6.7,26.8,80,R-021
NX-45,φ6.7,33.5,90,R-025
ALZ345,φ6.7×20.1,10.1,70,"I-023,J-027"
NX-25,φ6.8,6.8,55,R-009
NX-30,φ6.8,13.6,60,R-013
NC-4,φ6.8,13.6,60,R-044
MSZ345,φ6.8,15,65,I-011
NX-35,φ6.8,20.4,70,R-017
NX-40,φ6.8,27.2,80,R-021
NX-45,φ6.8,34,90,R-025
ALZ345,φ6.8×20.4,10.2,70,"I-023,J-027"
NX-25,φ6.9,6.9,55,R-009
NX-30,φ6.9,13.8,60,R-013
NC-4,φ6.9,13.8,60,R-044
MSZ345,φ6.9,15,65,I-011
NX-35,φ6.9,20.7,70,R-017
NX-40,φ6.9,27.6,80,R-021
NX-45,φ6.9,34.5,90,R-025
ALZ345,φ6.9×20.7,10.4,70,"I-023,J-027"
NX-25,φ7,7,55,R-009
MX225,φ7,7,65,G-012
NX-30,φ7,14,60,R-013
NC-2,φ7,14,60,R-036
NC-4,φ7,14,60,R-045
NSL-2,φ7,14,60,R-052
MX230,φ7,14,65,G-014
AL2D-2,φ7,14,70,J-006
AL2D-2DLC,φ7,14,70,J-008
NC-LS-2,φ7,14,140,R-042
MSZ345,φ7,16,65,I-011
NE-2,φ7,18,60,R-028
NE-3,φ7,18,60,R-030
NE-4,φ7,18,60,R-034
MSE230,φ7,18,65,G-039
MSE430,φ7,18,65,G-052
MSX440,φ7,19,60,I-028
MX235,φ7,21,65,G-016
NCM-2,φ7,21,65,R-038
NCM-4,φ7,21,65,R-048
AL3D-2,φ7,21,70,J-010
AL3D-2DLC,φ7,21,70,J-012
NX-35,φ7,21,70,R-017
NX-40,φ7,28,80,R-021
MX240,φ7,28,90,G-018
AL4D-2,φ7,28,90,J-014
AL4D-2DLC,φ7,28,90,J-016
MX245,φ7,35,90,G-020
AL5D-2,φ7,35,90,J-018
AL5D-2DLC,φ7,35,90,J-020
NX-45,φ7,35,90,R-025
ALZ345-DLC,φ7×21,10.5,70,"I-020,J-030"
ALZ345,φ7×21,10.5,70,"I-023,J-027"
NX-25,φ7.1,7.1,55,R-009
NX-30,φ7.1,14.2,60,R-013
NC-4,φ7.1,14.2,60,R-045
MSZ345,φ7.1,16,65,I-011
NX-35,φ7.1,21.3,70,R-017
NX-40,φ7.1,28.4,80,R-021
NX-45,φ7.1,35.5,90,R-025
ALZ345,φ7.1×21.3,10.7,70,"I-023,J-027"
NX-25,φ7.2,7.2,55,R-009
NX-30,φ7.2,14.4,60,R-013
NC-4,φ7.2,14.4,60,R-045
MSZ345,φ7.2,16,65,I-011
NX-35,φ7.2,21.6,70,R-017
NX-40,φ7.2,28.8,80,R-021
NX-45,φ7.2,36,90,R-025
ALZ345,φ7.2×21.6,10.8,70,"I-023,J-027"
NX-25,φ7.3,7.3,55,R-009
NX-30,φ7.3,14.6,60,R-013
NC-4,φ7.3,14.6,60,R-045
MSZ345,φ7.3,16,65,I-011
NX-35,φ7.3,21.9,70,R-017
NX-40,φ7.3,29.2,80,R-021
NX-45,φ7.3,36.5,90,R-025
ALZ345,φ7.3×21.9,11,70,"I-023,J-027"
NX-25,φ7.4,7.4,55,R-009
NX-30,φ7.4,14.8,60,R-013
NC-4,φ7.4,14.8,60,R-045
MSZ345,φ7.4,16,65,I-011
NX-35,φ7.4,22.2,70,R-017
NX-40,φ7.4,29.6,80,R-021
NX-45,φ7.4,37,90,R-025
ALZ345,φ7.4×22.2,11.1,70,"I-023,J-027"
NX-25,φ7.5,7.5,55,R-009
NX-30,φ7.5,15,60,R-013
NC-2,φ7.5,15,60,R-036
NC-4,φ7.5,15,60,R-045
MSZ345,φ7.5,16,65,I-011
NE-2,φ7.5,18,60,R-028
NE-3,φ7.5,18,60,R-030
MSE230,φ7.5,19,65,G-039
MSE430,φ7.5,19,65,G-052
NX-35,φ7.5,22.5,70,R-017
NCM-2,φ7.5,23,70,R-038
NCM-4,φ7.5,23,70,R-048
NX-40,φ7.5,30,80,R-021
NX-45,φ7.5,37.5,90,R-025
ALZ345,φ7.5×22.5,11.3,70,"I-023,J-027"
NX-25,φ7.6,7.6,55,R-009
NX-30,φ7.6,15.2,60,R-013
NC-4,φ7.6,15.2,60,R-045
MSZ345,φ7.6,17,65,I-011
NX-35,φ7.6,22.8,70,R-017
NX-40,φ7.6,30.4,80,R-021
NX-45,φ7.6,38,90,R-025
ALZ345,φ7.6×22.8,11.4,70,"I-023,J-027"
NX-25,φ7.7,7.7,55,R-009
NX-30,φ7.7,15.4,60,R-013
NC-4,φ7.7,15.4,60,R-045
MSZ345,φ7.7,17,65,I-011
NX-35,φ7.7,23.1,70,R-017
NX-40,φ7.7,30.8,80,R-021
NX-45,φ7.7,38.5,90,R-025
ALZ345,φ7.7×23.1,11.6,70,"I-023,J-027"
NX-25,φ7.8,7.8,55,R-009
NX-30,φ7.8,15.6,60,R-013
NC-4,φ7.8,15.6,60,R-045
MSZ345,φ7.8,17,65,I-011
NX-35,φ7.8,23.4,70,R-017
NX-40,φ7.8,31.2,80,R-021
NX-45,φ7.8,39,90,R-025
ALZ345,φ7.8×23.4,11.7,70,"I-023,J-027"
NX-25,φ7.9,7.9,55,R-009
NX-30,φ7.9,15.8,60,R-013
NC-4,φ7.9,15.8,60,R-045
MSZ345,φ7.9,17,65,I-011
NX-35,φ7.9,23.7,70,R-017
NX-40,φ7.9,31.6,80,R-021
NX-45,φ7.9,39.5,90,R-025
ALZ345,φ7.9×23.7,11.9,70,"I-024,J-028"
NX-25,φ8,8,55,R-009
MX225,φ8,8,65,G-012
MX425,φ8,8,65,G-022
AL-3LS,φ8,12,110,J-024
ALZ345,φ8,12,120,"I-024,J-028"
NX-30,φ8,16,60,R-013
NC-2,φ8,16,60,R-036
NC-4,φ8,16,60,R-045
NSL-2,φ8,16,60,R-052
NX-30X,φ8,16,60,S-004
MX230,φ8,16,65,G-014
MSES230P,φ8,16,65,G-036
MX430,φ8,16,65,G-024
MHDH645,φ8,16,65,F-028
AL2D-2,φ8,16,70,J-006
AL2D-2DLC,φ8,16,70,J-008
DX,φ8,16,70,R-098
NC-LS-2,φ8,16,140,R-042
NE-2,φ8,18,60,R-028
NE-3,φ8,18,60,R-030
NE-4,φ8,18,60,R-034
MSX440,φ8,19,60,I-028
MSZ345,φ8,19,65,I-011
MSE230,φ8,20,65,G-039
MSE245,φ8,20,65,G-046
MSE345,φ8,20,65,G-048
MSE430P,φ8,20,65,G-050
MSE430,φ8,20,65,G-052
MSE445,φ8,20,65,G-054
MHD645,φ8,20,65,G-060
DHS,φ8,20,80,R-104
NEA-2,φ8,22,70,R-118
MX235,φ8,24,65,G-016
MX435,φ8,24,65,G-026
MHDH645,φ8,24,70,F-028
AL3D-2,φ8,24,70,J-010
AL3D-2DLC,φ8,24,70,J-012
NX-35,φ8,24,70,R-017
NCM-2,φ8,24,70,R-038
NCM-4,φ8,24,70,R-048
AL3D-345,φ8,24,90,"I-014,J-022"
NEA-2,φ8,28,75,R-118
NX-40,φ8,32,80,R-021
MX240,φ8,32,90,G-018
MX440,φ8,32,90,G-028
MSEM230,φ8,32,90,G-042
MSEM430,φ8,32,90,G-056
AL4D-2,φ8,32,90,J-014
AL4D-2DLC,φ8,32,90,J-016
DXM,φ8,32,90,R-100
NCL-2,φ8,35,80,R-040
NCL-4,φ8,35,80,R-050
NEL-3,φ8,35,90,R-032
NEA-2,φ8,36,90,R-118
MX245,φ8,40,90,G-020
MX445,φ8,40,90,G-030
AL5D-2,φ8,40,90,J-018
AL5D-2DLC,φ8,40,90,J-020
NX-45,φ8,40,90,R-025
DXL,φ8,40,100,R-102
DSF,φ8×8,4,70,R-106
ALZ345-DLC,φ8×24,12,70,"I-020,J-030"
ALZ345,φ8×24,12,70,"I-024,J-028"
MHR430,φ8×30,12,100,G-099
ALZ345,φ8×40,12,90,"I-024,J-028"
MHR430,φ8×50,12,120,G-099
MHR430,φ8×60,12,130,G-099
NX-25,φ8.1,8.1,65,R-009
NC-4,φ8.1,16.2,60,R-045
NX-30,φ8.1,16.2,70,R-013
MSZ345,φ8.1,18,75,I-011
NX-35,φ8.1,24.3,80,R-017
NX-40,φ8.1,32.4,100,R-021
NX-45,φ8.1,40.5,100,R-025
ALZ345,φ8.1×24.3,12.2,75,"I-024,J-028"
NX-25,φ8.2,8.2,65,R-009
NC-4,φ8.2,16.4,60,R-045
NX-30,φ8.2,16.4,70,R-013
MSZ345,φ8.2,18,75,I-011
NX-35,φ8.2,24.6,80,R-017
NX-40,φ8.2,32.8,100,R-021
NX-45,φ8.2,41,100,R-025
ALZ345,φ8.2×24.6,12.3,75,"I-024,J-028"
NX-25,φ8.3,8.3,65,R-009
NC-4,φ8.3,16.6,60,R-045
NX-30,φ8.3,16.6,70,R-013
MSZ345,φ8.3,18,75,I-011
NX-35,φ8.3,24.9,80,R-017
NX-40,φ8.3,33.2,100,R-021
NX-45,φ8.3,41.5,100,R-025
ALZ345,φ8.3×24.9,12.5,75,"I-024,J-028"
NX-25,φ8.4,8.4,65,R-009
NC-4,φ8.4,16.8,60,R-045
NX-30,φ8.4,16.8,70,R-013
MSZ345,φ8.4,18,75,I-011
NX-35,φ8.4,25.2,80,R-017
NX-40,φ8.4,33.6,100,R-021
NX-45,φ8.4,42,100,R-025
ALZ345,φ8.4×25.2,12.6,75,"I-024,J-028"
NX-25,φ8.5,8.5,65,R-009
NC-2,φ8.5,17,60,R-036
NC-4,φ8.5,17,60,R-045
NX-30,φ8.5,17,70,R-013
MSZ345,φ8.5,18,75,I-011
NE-2,φ8.5,20,65,R-028
NE-3,φ8.5,20,65,R-030
MSE230,φ8.5,22,70,G-039
MSE430,φ8.5,22,70,G-052
NCM-2,φ8.5,25,70,R-038
NCM-4,φ8.5,25,70,R-048
NX-35,φ8.5,25.5,80,R-017
NX-40,φ8.5,34,100,R-021
NX-45,φ8.5,42.5,100,R-025
ALZ345,φ8.5×25.5,12.8,75,"I-024,J-028"
NX-25,φ8.6,8.6,65,R-009
NC-4,φ8.6,17.2,65,R-045
NX-30,φ8.6,17.2,70,R-013
MSZ345,φ8.6,19,75,I-011
NX-35,φ8.6,25.8,80,R-017
NX-40,φ8.6,34.4,100,R-021
NX-45,φ8.6,43,100,R-025
ALZ345,φ8.6×25.8,12.9,75,"I-024,J-028"
NX-25,φ8.7,8.7,65,R-009
NC-4,φ8.7,17.4,65,R-045
NX-30,φ8.7,17.4,70,R-013
MSZ345,φ8.7,19,75,I-011
NX-35,φ8.7,26.1,80,R-017
NX-40,φ8.7,34.8,100,R-021
NX-45,φ8.7,43.5,100,R-025
ALZ345,φ8.7×26.1,13.1,75,"I-024,J-028"
NX-25,φ8.8,8.8,65,R-009
NC-4,φ8.8,17.6,65,R-045
NX-30,φ8.8,17.6,70,R-013
MSZ345,φ8.8,19,75,I-011
NX-35,φ8.8,26.4,80,R-017
NX-40,φ8.8,35.2,100,R-021
NX-45,φ8.8,44,100,R-025
ALZ345,φ8.8×26.4,13.2,75,"I-024,J-028"
NX-25,φ8.9,8.9,65,R-009
NC-4,φ8.9,17.8,65,R-045
NX-30,φ8.9,17.8,70,R-013
MSZ345,φ8.9,19,75,I-011
NX-35,φ8.9,26.7,80,R-017
NX-40,φ8.9,35.6,100,R-021
NX-45,φ8.9,44.5,100,R-025
ALZ345,φ8.9×26.7,13.4,75,"I-024,J-028"
NX-25,φ9,9,65,R-009
MX225,φ9,9,75,G-012
NC-2,φ9,18,65,R-036
NC-4,φ9,18,65,R-045
NSL-2,φ9,18,65,R-052
NX-30,φ9,18,70,R-013
MX230,φ9,18,75,G-014
AL2D-2,φ9,18,75,J-006
AL2D-2DLC,φ9,18,75,J-008
NC-LS-2,φ9,18,150,R-042
MSZ345,φ9,19,75,I-011
NE-2,φ9,20,65,R-028
NE-3,φ9,20,65,R-030
MSX440,φ9,22,70,I-028
MSE230,φ9,23,70,G-039
MSE430,φ9,23,70,G-052
MX235,φ9,27,75,G-016
NCM-2,φ9,27,75,R-038
NCM-4,φ9,27,75,R-048
AL3D-2,φ9,27,75,J-010
AL3D-2DLC,φ9,27,75,J-012
NX-35,φ9,27,80,R-017
MX240,φ9,36,100,G-018
AL4D-2,φ9,36,100,J-014
AL4D-2DLC,φ9,36,100,J-016
NX-40,φ9,36,100,R-021
MX245,φ9,45,100,G-020
AL5D-2,φ9,45,100,J-018
AL5D-2DLC,φ9,45,100,J-020
NX-45,φ9,45,100,R-025
ALZ345-DLC,φ9×27,13.5,75,"I-020,J-030"
ALZ345,φ9×27,13.5,75,"I-024,J-028"
NX-25,φ9.1,9.1,65,R-009
NC-4,φ9.1,18.2,65,R-045
NX-30,φ9.1,18.2,70,R-013
MSZ345,φ9.1,20,75,I-011
NX-35,φ9.1,27.3,80,R-017
NX-40,φ9.1,36.4,100,R-021
NX-45,φ9.1,45.5,100,R-025
ALZ345,φ9.1×27.3,13.7,75,"I-024,J-028"
NX-25,φ9.2,9.2,65,R-009
NC-4,φ9.2,18.4,65,R-045
NX-30,φ9.2,18.4,70,R-013
MSZ345,φ9.2,20,75,I-011
NX-35,φ9.2,27.6,80,R-017
NX-40,φ9.2,36.8,100,R-021
NX-45,φ9.2,46,100,R-025
ALZ345,φ9.2×27.6,13.8,75,"I-024,J-028"
NX-25,φ9.3,9.3,65,R-009
NC-4,φ9.3,18.6,65,R-045
NX-30,φ9.3,18.6,70,R-013
MSZ345,φ9.3,20,75,I-011
NX-35,φ9.3,27.9,80,R-017
NX-40,φ9.3,37.2,100,R-021
NX-45,φ9.3,46.5,100,R-025
ALZ345,φ9.3×27.9,14,75,"I-024,J-028"
NX-25,φ9.4,9.4,65,R-009
NC-4,φ9.4,18.8,65,R-045
NX-30,φ9.4,18.8,70,R-013
MSZ345,φ9.4,20,75,I-011
NX-35,φ9.4,28.2,80,R-017
NX-40,φ9.4,37.6,100,R-021
NX-45,φ9.4,47,100,R-025
ALZ345,φ9.4×28.2,14.1,75,"I-024,J-028"
NX-25,φ9.5,9.5,65,R-009
NC-2,φ9.5,19,65,R-036
NC-4,φ9.5,19,65,R-045
NX-30,φ9.5,19,70,R-013
NE-2,φ9.5,20,65,R-028
NE-3,φ9.5,20,65,R-030
MSZ345,φ9.5,20,75,I-011
MSE230,φ9.5,24,75,G-039
MSE430,φ9.5,24,75,G-052
NCM-2,φ9.5,28,75,R-038
NCM-4,φ9.5,28,75,R-048
NX-35,φ9.5,28.5,80,R-017
NX-40,φ9.5,38,100,R-021
NX-45,φ9.5,47.5,100,R-025
ALZ345,φ9.5×28.5,14.3,75,"I-024,J-028"
NX-25,φ9.6,9.6,65,R-009
NX-30,φ9.6,19.2,70,R-013
NC-4,φ9.6,19.2,70,R-045
MSZ345,φ9.6,21,75,I-011
NX-35,φ9.6,28.8,80,R-017
NX-40,φ9.6,38.4,100,R-021
NX-45,φ9.6,48,100,R-025
ALZ345,φ9.6×28.8,14.4,75,"I-024,J-028"
NX-25,φ9.7,9.7,65,R-009
NX-30,φ9.7,19.4,70,R-013
NC-4,φ9.7,19.4,70,R-045
MSZ345,φ9.7,21,75,I-011
NX-35,φ9.7,29.1,80,R-017
NX-40,φ9.7,38.8,100,R-021
NX-45,φ9.7,48.5,100,R-025
ALZ345,φ9.7×29.1,14.6,75,"I-024,J-028"
NX-25,φ9.8,9.8,65,R-009
NX-30,φ9.8,19.6,70,R-013
NC-4,φ9.8,19.6,70,R-045
MSZ345,φ9.8,21,75,I-011
NX-35,φ9.8,29.4,80,R-017
NX-40,φ9.8,39.2,100,R-021
NX-45,φ9.8,49,100,R-025
ALZ345,φ9.8×29.4,14.7,75,"I-024,J-028"
NX-25,φ9.9,9.9,65,R-009
NX-30,φ9.9,19.8,70,R-013
NC-4,φ9.9,19.8,70,R-045
MSZ345,φ9.9,21,75,I-011
NX-35,φ9.9,29.7,80,R-017
NX-40,φ9.9,39.6,100,R-021
NX-45,φ9.9,49.5,100,R-025
ALZ345,φ9.9×29.7,14.9,75,"I-024,J-028"
NX-25,φ10,10,65,R-009
MX225,φ10,10,75,G-012
MX425,φ10,10,75,G-022
ALZ345,φ10,15,130,"I-024,J-028"
AL-3LS,φ10,15,130,J-024
NE-2,φ10,20,65,R-028
NE-3,φ10,20,65,R-030
NE-4,φ10,20,65,R-034
NX-30,φ10,20,70,R-013
NX-30X,φ10,20,70,S-004
NC-2,φ10,20,70,R-036
NC-4,φ10,20,70,R-045
NSL-2,φ10,20,70,R-052
MHDH645,φ10,20,75,F-028
MX230,φ10,20,75,G-014
MSES230P,φ10,20,75,G-036
MX430,φ10,20,75,G-024
AL2D-2,φ10,20,75,J-006
AL2D-2DLC,φ10,20,75,J-008
DX,φ10,20,80,R-098
NC-LS-2,φ10,20,150,R-042
MSX440,φ10,22,70,I-028
MSZ345,φ10,22,75,I-011
MSE230,φ10,25,75,G-039
MSE245,φ10,25,75,G-046
MSE345,φ10,25,75,G-048
MSE430P,φ10,25,75,G-050
MSE430,φ10,25,75,G-052
MSE445,φ10,25,75,G-054
MHD645,φ10,25,75,G-060
DHS,φ10,25,90,R-104
NEA-2,φ10,26,75,R-118
MX235,φ10,30,75,G-016
MX435,φ10,30,75,G-026
AL3D-2,φ10,30,75,J-010
AL3D-2DLC,φ10,30,75,J-012
MHDH645,φ10,30,80,F-028
NX-35,φ10,30,80,R-017
NCM-2,φ10,30,80,R-038
NCM-4,φ10,30,80,R-048
AL3D-345,φ10,30,100,"I-014,J-022"
NEA-2,φ10,36,85,R-118
MX240,φ10,40,100,G-018
MX440,φ10,40,100,G-028
MSEM230,φ10,40,100,G-042
MSEM430,φ10,40,100,G-056
AL4D-2,φ10,40,100,J-014
AL4D-2DLC,φ10,40,100,J-016
NX-40,φ10,40,100,R-021
DXM,φ10,40,100,R-100
NCL-2,φ10,42,100,R-040
NCL-4,φ10,42,100,R-050
NEL-3,φ10,45,110,R-032
NEA-2,φ10,46,95,R-118
MX245,φ10,50,100,G-020
MX445,φ10,50,100,G-030
AL5D-2,φ10,50,100,J-018
AL5D-2DLC,φ10,50,100,J-020
NX-45,φ10,50,100,R-025
DXL,φ10,50,110,R-102
DSF,φ10×10,5,80,R-106
ALZ345-DLC,φ10×30,15,75,"I-020,J-030"
ALZ345,φ10×30,15,75,"I-024,J-028"
MHR430,φ10×40,15,110,G-099
ALZ345,φ10×50,15,100,"I-024,J-028"
MHR430,φ10×60,15,130,G-099
MHR430,φ10×80,15,150,G-099
NX-25,φ10.1,10.1,70,R-009
NX-30,φ10.1,20.2,75,R-013
NC-4,φ10.1,20.2,75,R-045
MSZ345,φ10.1,22,80,I-011
NX-35,φ10.1,30.3,80,R-017
NX-40,φ10.1,40.4,105,R-021
NX-45,φ10.1,50.5,110,R-025
ALZ345,φ10.1×30.3,15.2,80,"I-024,J-028"
NX-25,φ10.2,10.2,70,R-009
NX-30,φ10.2,20.4,75,R-013
NC-4,φ10.2,20.4,75,R-045
MSZ345,φ10.2,22,80,I-011
NX-35,φ10.2,30.6,80,R-017
NX-40,φ10.2,40.8,105,R-021
NX-45,φ10.2,51,110,R-025
ALZ345,φ10.2×30.6,15.3,80,"I-024,J-028"
NX-25,φ10.3,10.3,70,R-009
NX-30,φ10.3,20.6,75,R-013
NC-4,φ10.3,20.6,75,R-045
MSZ345,φ10.3,22,80,I-011
NX-35,φ10.3,30.9,80,R-017
NX-40,φ10.3,41.2,105,R-021
NX-45,φ10.3,51.5,110,R-025
ALZ345,φ10.3×30.9,15.5,80,"I-024,J-028"
NX-25,φ10.4,10.4,70,R-009
NX-30,φ10.4,20.8,75,R-013
NC-4,φ10.4,20.8,75,R-045
MSZ345,φ10.4,22,80,I-011
NX-35,φ10.4,31.2,80,R-017
NX-40,φ10.4,41.6,105,R-021
NX-45,φ10.4,52,110,R-025
ALZ345,φ10.4×31.2,15.6,80,"I-024,J-028"
NX-25,φ10.5,10.5,70,R-009
NX-30,φ10.5,21,75,R-013
NC-4,φ10.5,21,75,R-045
MSZ345,φ10.5,22,80,I-011
MSE230,φ10.5,27,80,G-039
NX-35,φ10.5,31.5,80,R-017
NX-40,φ10.5,42,105,R-021
NX-45,φ10.5,52.5,110,R-025
ALZ345,φ10.5×31.5,15.8,80,"I-024,J-028"
NX-25,φ10.6,10.6,70,R-009
NX-30,φ10.6,21.2,75,R-013
NC-4,φ10.6,21.2,75,R-045
MSZ345,φ10.6,22,80,I-011
NX-35,φ10.6,31.8,80,R-017
NX-40,φ10.6,42.4,105,R-021
NX-45,φ10.6,53,110,R-025
ALZ345,φ10.6×31.8,15.9,80,"I-024,J-028"
NX-25,φ10.7,10.7,70,R-009
NX-30,φ10.7,21.4,75,R-013
NC-4,φ10.7,21.4,75,R-045
MSZ345,φ10.7,22,80,I-011
NX-35,φ10.7,32.1,80,R-017
NX-40,φ10.7,42.8,105,R-021
NX-45,φ10.7,53.5,110,R-025
ALZ345,φ10.7×32.1,16.1,80,"I-024,J-028"
NX-25,φ10.8,10.8,70,R-009
NX-30,φ10.8,21.6,75,R-013
NC-4,φ10.8,21.6,75,R-045
MSZ345,φ10.8,22,80,I-011
NX-35,φ10.8,32.4,80,R-017
NX-40,φ10.8,43.2,105,R-021
NX-45,φ10.8,54,110,R-025
ALZ345,φ10.8×32.4,16.2,80,"I-024,J-028"
NX-25,φ10.9,10.9,70,R-009
NX-30,φ10.9,21.8,75,R-013
NC-4,φ10.9,21.8,75,R-045
MSZ345,φ10.9,22,80,I-011
NX-35,φ10.9,32.7,80,R-017
NX-40,φ10.9,43.6,105,R-021
NX-45,φ10.9,54.5,110,R-025
ALZ345,φ10.9×32.7,16.4,80,"I-024,J-028"
NX-25,φ11,11,70,R-009
NX-30,φ11,22,75,R-013
NC-2,φ11,22,75,R-036
NC-4,φ11,22,75,R-045
NSL-2,φ11,22,75,R-052
MSZ345,φ11,22,80,I-011
AL2D-2,φ11,22,80,J-006
AL2D-2DLC,φ11,22,80,J-008
NC-LS-2,φ11,22,170,R-042
NE-2,φ11,23,70,R-028
NE-3,φ11,23,70,R-030
MSX440,φ11,26,80,I-028
MSE230,φ11,28,80,G-039
NX-35,φ11,33,80,R-017
NCM-2,φ11,33,80,R-038
NCM-4,φ11,33,80,R-048
AL3D-2,φ11,33,90,J-010
AL3D-2DLC,φ11,33,90,J-012
NX-40,φ11,44,105,R-021
AL4D-2,φ11,44,110,J-014
AL4D-2DLC,φ11,44,110,J-016
AL5D-2,φ11,55,110,J-018
AL5D-2DLC,φ11,55,110,J-020
NX-45,φ11,55,110,R-025
ALZ345-DLC,φ11×33,16.5,80,"I-020,J-030"
ALZ345,φ11×33,16.5,80,"I-024,J-028"
NX-25,φ11.1,11.1,70,R-009
NX-30,φ11.1,22.2,75,R-013
NC-4,φ11.1,22.2,75,R-045
MSZ345,φ11.1,25,80,I-011
NX-35,φ11.1,33.3,80,R-017
NX-40,φ11.1,44.4,105,R-021
NX-45,φ11.1,55.5,110,R-025
ALZ345,φ11.1×33.3,16.7,80,"I-024,J-028"
NX-25,φ11.2,11.2,70,R-009
NX-30,φ11.2,22.4,75,R-013
NC-4,φ11.2,22.4,75,R-045
MSZ345,φ11.2,25,80,I-011
NX-35,φ11.2,33.6,80,R-017
NX-40,φ11.2,44.8,105,R-021
NX-45,φ11.2,56,110,R-025
ALZ345,φ11.2×33.6,16.8,80,"I-024,J-028"
NX-25,φ11.3,11.3,70,R-009
NX-30,φ11.3,22.6,75,R-013
NC-4,φ11.3,22.6,75,R-045
MSZ345,φ11.3,25,80,I-011
NX-35,φ11.3,33.9,80,R-017
NX-40,φ11.3,45.2,105,R-021
NX-45,φ11.3,56.5,110,R-025
ALZ345,φ11.3×33.9,17,80,"I-024,J-028"
NX-25,φ11.4,11.4,70,R-009
NX-30,φ11.4,22.8,75,R-013
NC-4,φ11.4,22.8,75,R-045
MSZ345,φ11.4,25,80,I-011
NX-35,φ11.4,34.2,80,R-017
NX-40,φ11.4,45.6,105,R-021
NX-45,φ11.4,57,110,R-025
ALZ345,φ11.4×34.2,17.1,80,"I-024,J-028"
NX-25,φ11.5,11.5,70,R-009
NX-30,φ11.5,23,75,R-013
NC-4,φ11.5,23,75,R-045
MSZ345,φ11.5,25,80,I-011
MSE230,φ11.5,29,80,G-039
NX-35,φ11.5,34.5,80,R-017
NX-40,φ11.5,46,105,R-021
NX-45,φ11.5,57.5,110,R-025
ALZ345,φ11.5×34.5,17.3,80,"I-024,J-028"
NX-25,φ11.6,11.6,70,R-009
NX-30,φ11.6,23.2,75,R-013
NC-4,φ11.6,23.2,75,R-045
MSZ345,φ11.6,25,80,I-011
NX-35,φ11.6,34.8,80,R-017
NX-40,φ11.6,46.4,105,R-021
NX-45,φ11.6,58,110,R-025
ALZ345,φ11.6×34.8,17.4,80,"I-024,J-028"
NX-25,φ11.7,11.7,70,R-009
NX-30,φ11.7,23.4,75,R-013
NC-4,φ11.7,23.4,75,R-045
MSZ345,φ11.7,25,80,I-011
NX-35,φ11.7,35.1,80,R-017
NX-40,φ11.7,46.8,105,R-021
NX-45,φ11.7,58.5,110,R-025
ALZ345,φ11.7×35.1,17.6,80,"I-024,J-028"
NX-25,φ11.8,11.8,70,R-009
NX-30,φ11.8,23.6,75,R-013
NC-4,φ11.8,23.6,75,R-045
MSZ345,φ11.8,25,80,I-011
NX-35,φ11.8,35.4,80,R-017
NX-40,φ11.8,47.2,105,R-021
NX-45,φ11.8,59,110,R-025
ALZ345,φ11.8×35.4,17.7,80,"I-024,J-028"
NX-25,φ11.9,11.9,70,R-009
NX-30,φ11.9,23.8,75,R-013
NC-4,φ11.9,23.8,75,R-045
MSZ345,φ11.9,25,80,I-011
NX-35,φ11.9,35.7,80,R-017
NX-40,φ11.9,47.6,105,R-021
NX-45,φ11.9,59.5,110,R-025
ALZ345,φ11.9×35.7,17.9,80,"I-024,J-028"
NX-25,φ12,12,70,R-009
MX225,φ12,12,80,G-012
MX425,φ12,12,80,G-022
ALZ345,φ12,18,150,"I-024,J-028"
AL-3LS,φ12,18,150,J-024
NE-2,φ12,23,70,R-028
NE-3,φ12,23,70,R-030
NE-4,φ12,23,70,R-034
NX-30,φ12,24,75,R-013
NC-2,φ12,24,75,R-036
NC-4,φ12,24,75,R-045
NSL-2,φ12,24,75,R-052
NX-30X,φ12,24,75,S-004
MHDH645,φ12,24,80,F-028
MX230,φ12,24,80,G-014
MX430,φ12,24,80,G-024
MSES230P,φ12,24,80,G-036
AL2D-2,φ12,24,80,J-006
AL2D-2DLC,φ12,24,80,J-008
DX,φ12,24,80,R-098
NC-LS-2,φ12,24,170,R-042
MSZ345,φ12,26,80,I-011
MSX440,φ12,26,80,I-028
NEA-2,φ12,28,80,R-118
MSE230,φ12,30,80,G-039
MSE245,φ12,30,80,G-046
MSE345,φ12,30,80,G-048
MSE430P,φ12,30,80,G-050
MSE430,φ12,30,80,G-052
MSE445,φ12,30,80,G-054
MHD645,φ12,30,80,G-060
DHS,φ12,30,90,R-104
MX235,φ12,36,80,G-016
MX435,φ12,36,80,G-026
NX-35,φ12,36,85,R-017
NCM-2,φ12,36,85,R-038
NCM-4,φ12,36,85,R-048
MHDH645,φ12,36,90,F-028
AL3D-2,φ12,36,90,J-010
AL3D-2DLC,φ12,36,90,J-012
AL3D-345,φ12,36,110,"I-014,J-022"
NEA-2,φ12,38,90,R-118
NCL-2,φ12,45,100,R-040
NCL-4,φ12,45,100,R-050
NEA-2,φ12,48,100,R-118
MX240,φ12,48,105,G-018
MX440,φ12,48,105,G-028
NX-40,φ12,48,105,R-021
MSEM230,φ12,48,110,G-042
MSEM430,φ12,48,110,G-056
AL4D-2,φ12,48,110,J-014
AL4D-2DLC,φ12,48,110,J-016
DXM,φ12,48,110,R-100
NEL-3,φ12,55,120,R-032
MX245,φ12,60,105,G-020
MX445,φ12,60,105,G-030
AL5D-2,φ12,60,110,J-018
AL5D-2DLC,φ12,60,110,J-020
NX-45,φ12,60,110,R-025
DXL,φ12,60,120,R-102
DSF,φ12×12,6,80,R-106
ALZ345-DLC,φ12×36,18,80,"I-020,J-030"
ALZ345,φ12×36,18,80,"I-024,J-028"
ALZ345,φ12×60,18,110,"I-024,J-028"
MSX440,φ13,26,90,I-028
NE-3,φ13,30,85,R-030
MSX440,φ14,26,90,I-028
NC-2,φ14,28,85,R-036
NC-4,φ14,28,85,R-045
NE-2,φ14,30,85,R-028
NE-3,φ14,30,85,R-030
NE-4,φ14,30,85,R-034
MSE430,φ14,35,100,G-052
NCM-2,φ14,42,100,R-038
NCM-4,φ14,42,100,R-048
NEL-3,φ14,65,140,R-032
NC-2,φ15,30,100,R-036
NC-4,φ15,30,100,R-045
MSX440,φ15,32,90,I-028
NE-2,φ15,35,90,R-028
NE-3,φ15,35,90,R-030
NE-4,φ15,35,90,R-034
MSE430,φ15,40,110,G-052
NCM-2,φ15,45,110,R-038
NCM-4,φ15,45,110,R-048
MSX440,φ16,32,90,I-028
NC-2,φ16,32,100,R-036
NC-4,φ16,32,100,R-045
DX,φ16,32,100,R-098
NE-2,φ16,35,90,R-028
NE-3,φ16,35,90,R-030
NE-4,φ16,35,90,R-034
NEA-2,φ16,40,100,R-118
DHS,φ16,40,100,R-104
MSE345,φ16,40,110,G-048
MSE430,φ16,40,110,G-052
MSE445,φ16,40,110,G-054
NCM-2,φ16,50,110,R-038
NCM-4,φ16,50,110,R-048
MSEM430,φ16,64,130,G-056
DXM,φ16,64,140,R-100
NEA-2,φ16,65,130,R-118
NEL-3,φ16,65,140,R-032
DXL,φ16,80,160,R-102
DSF,φ16×16,8,100,R-106
MSX440,φ18,32,105,I-028
NC-2,φ18,36,110,R-036
NC-4,φ18,36,110,R-045
NE-2,φ18,40,100,R-028
NE-3,φ18,40,100,R-030
NE-4,φ18,40,100,R-034
MSE430,φ18,45,120,G-052
NCM-2,φ18,55,130,R-038
NCM-4,φ18,55,130,R-048
NEL-3,φ18,75,155,R-032
MSX440,φ20,38,105,I-028
NC-2,φ20,40,115,R-036
NC-4,φ20,40,115,R-045
DX,φ20,40,120,R-098
NE-2,φ20,45,110,R-028
NE-3,φ20,45,110,R-030
NE-4,φ20,45,110,R-034
NEA-2,φ20,45,110,R-118
DHS,φ20,50,120,R-104
MSE345,φ20,50,135,G-048
MSE430,φ20,50,135,G-052
MSE445,φ20,50,135,G-054
NCM-2,φ20,60,135,R-038
NCM-4,φ20,60,135,R-048
MSEM430,φ20,80,140,G-056
NEA-2,φ20,80,140,R-118
DXM,φ20,80,160,R-100
NEL-3,φ20,85,165,R-032
DXL,φ20,100,190,R-102
DSF,φ20×20,10,120,R-106
NEA-2,φ25,50,120,R-118