DHR237R,φ0.2×R0.02×1,0.4,45,K-016
DHR237R,φ0.2×R0.02×1.5,0.4,45,K-016
DHR237R,φ0.2×R0.05×0.5,0.4,45,K-016
DHR237R,φ0.2×R0.05×1,0.4,45,K-016
DHR237R,φ0.2×R0.05×1.5,0.4,45,K-016
DHR237R,φ0.3×R0.02×1,0.6,45,K-016
DHR237R,φ0.3×R0.02×1.5,0.6,45,K-016
DHR237R,φ0.3×R0.02×2,0.6,45,K-016
DHR237R,φ0.3×R0.05×1,0.6,45,K-016
DHR237R,φ0.3×R0.05×1.5,0.6,45,K-016
DHR237R,φ0.3×R0.05×2,0.6,45,K-016
DHR237R,φ0.4×R0.02×1,0.8,45,K-016
DHR237R,φ0.4×R0.02×2,0.8,45,K-016
DHR237R,φ0.4×R0.02×3,0.8,45,K-016
DHR237R,φ0.4×R0.02×4,0.8,45,K-016
DHR237R,φ0.2×R0.02×0.5,0.4,45,K-016
DHR237R,φ0.4×R0.05×1,0.8,45,K-016
DHR237R,φ0.4×R0.05×2,0.8,45,K-016
DHR237R,φ0.4×R0.05×3,0.8,45,K-016
DHR237R,φ0.4×R0.05×4,0.8,45,K-016
DHR237R,φ0.4×R0.1×1,0.8,45,K-016
DHR237R,φ0.4×R0.1×2,0.8,45,K-016
DHR237R,φ0.4×R0.1×3,0.8,45,K-016
DHR237R,φ0.4×R0.1×4,0.8,45,K-016
DHR237R,φ0.5×R0.02×2,1,45,K-017
DHR237R,φ0.5×R0.02×3,1,45,K-017
DHR237R,φ0.5×R0.02×4,1,45,K-017
DHR237R,φ0.5×R0.02×5,1,45,K-017
DHR237R,φ0.5×R0.05×2,1,45,K-017
DHR237R,φ0.5×R0.05×3,1,45,K-017
DHR237R,φ0.5×R0.05×4,1,45,K-017
DHR237R,φ0.5×R0.05×5,1,45,K-017
DHR237R,φ0.5×R0.1×2,1,45,K-017
DHR237R,φ0.5×R0.1×3,1,45,K-017
DHR237R,φ0.5×R0.1×4,1,45,K-017
DHR237R,φ0.5×R0.1×5,1,45,K-017
DHR237R,φ0.6×R0.02×2,1.2,45,K-017
DHR237R,φ0.6×R0.02×4,1.2,45,K-017
DHR237R,φ0.6×R0.02×6,1.2,45,K-017
DHR237R,φ0.6×R0.05×2,1.2,45,K-017
DHR237R,φ0.6×R0.05×4,1.2,45,K-017
DHR237R,φ0.6×R0.05×6,1.2,45,K-017
DHR237R,φ0.6×R0.1×2,1.2,45,K-017
DHR237R,φ0.6×R0.1×4,1.2,45,K-017
DHR237R,φ0.6×R0.1×6,1.2,45,K-017
DHR237R,φ0.8×R0.02×4,1.6,45,K-017
DHR237R,φ0.8×R0.02×6,1.6,45,K-017
DHR237R,φ0.8×R0.02×8,1.6,50,K-017
DHR237R,φ0.8×R0.05×4,1.6,45,K-017
DHR237R,φ0.8×R0.05×6,1.6,45,K-017
DHR237R,φ0.8×R0.05×8,1.6,50,K-017
DHR237R,φ0.8×R0.1×4,1.6,45,K-017
DHR237R,φ0.8×R0.1×6,1.6,45,K-017
DHR237R,φ0.8×R0.1×8,1.6,50,K-017
DHR237R,φ1×R0.05×3,2,45,K-017
DHR237R,φ1×R0.05×4,2,45,K-017
DHR237R,φ1×R0.05×5,2,45,K-017
DHR237R,φ1×R0.05×6,2,45,K-017
DHR237R,φ1×R0.05×8,2,50,K-017
DHR237R,φ1×R0.05×10,2,50,K-017
DHR237R,φ1×R0.1×3,2,45,K-017
DHR237R,φ1×R0.1×4,2,45,K-017
DHR237R,φ1×R0.1×5,2,45,K-017
DHR237R,φ1×R0.1×6,2,45,K-017
DHR237R,φ1×R0.1×8,2,50,K-017
DHR237R,φ1×R0.1×10,2,50,K-017
DHR237R,φ1×R0.2×3,2,45,K-017
DHR237R,φ1×R0.2×4,2,45,K-017
DHR237R,φ1×R0.2×5,2,45,K-017
DHR237R,φ1×R0.2×6,2,45,K-017
DHR237R,φ1×R0.2×8,2,50,K-017
DHR237R,φ1×R0.2×10,2,50,K-017
DHR237R,φ1.5×R0.1×5,3,45,K-018
DHR237R,φ1.5×R0.1×10,3,50,K-018
DHR237R,φ1.5×R0.1×15,3,50,K-018
DHR237R,φ1.5×R0.2×5,3,45,K-018
DHR237R,φ1.5×R0.2×10,3,50,K-018
DHR237R,φ1.5×R0.2×15,3,50,K-018
DHR237R,φ1.5×R0.3×5,3,45,K-018
DHR237R,φ1.5×R0.3×10,3,50,K-018
DHR237R,φ1.5×R0.3×15,3,50,K-018
DHR237R,φ1.5×R0.5×5,3,45,K-018
DHR237R,φ1.5×R0.5×10,3,50,K-018
DHR237R,φ1.5×R0.5×15,3,50,K-018
DHR237R,φ1.5×R0.5×20,3,60,K-018
DHR237R,φ2×R0.1×5,4,45,K-018
DHR237R,φ2×R0.1×8,4,50,K-018
DHR237R,φ2×R0.1×10,4,50,K-018
DHR237R,φ2×R0.1×15,4,50,K-018
DHR237R,φ2×R0.1×20,4,60,K-018
DHR237R,φ2×R0.2×5,4,45,K-018
DHR237R,φ2×R0.2×8,4,50,K-018
DHR237R,φ2×R0.2×10,4,50,K-018
DHR237R,φ2×R0.2×15,4,50,K-018
DHR237R,φ2×R0.2×20,4,60,K-018
DHR237R,φ2×R0.3×5,4,45,K-018
DHR237R,φ2×R0.3×8,4,50,K-018
DHR237R,φ2×R0.3×10,4,50,K-018
DHR237R,φ2×R0.3×15,4,50,K-018
DHR237R,φ2×R0.3×20,4,60,K-018
DHR237R,φ2×R0.5×5,4,45,K-018
DHR237R,φ2×R0.5×8,4,50,K-018
DHR237R,φ2×R0.5×10,4,50,K-018
DHR237R,φ2×R0.5×15,4,50,K-018
DHR237R,φ2×R0.5×20,4,60,K-018
DHR237R,φ2.5×R0.2×8,5,50,K-018
DHR237R,φ2.5×R0.2×14,5,50,K-018
DHR237R,φ2.5×R0.2×20,5,60,K-018
DHR237R,φ2.5×R0.5×8,5,50,K-018
DHR237R,φ2.5×R0.5×14,5,50,K-018
DHR237R,φ2.5×R0.5×20,5,60,K-018
DHR237R,φ3×R0.1×12,6,50,K-019
DHR237R,φ3×R0.1×18,6,60,K-019
DHR237R,φ3×R0.1×24,6,70,K-019
DHR237R,φ3×R0.2×12,6,50,K-019
DHR237R,φ3×R0.2×18,6,60,K-019
DHR237R,φ3×R0.2×24,6,70,K-019
DHR237R,φ3×R0.3×12,6,50,K-019
DHR237R,φ3×R0.3×18,6,60,K-019
DHR237R,φ3×R0.3×24,6,70,K-019
DHR237R,φ3×R0.5×12,6,50,K-019
DHR237R,φ3×R0.5×15,6,60,K-019
DHR237R,φ3×R0.5×18,6,60,K-019
DHR237R,φ3×R0.5×24,6,70,K-019
DHR237R,φ3×R0.5×30,6,70,K-019
DHR237R,φ4×R0.1×16,8,60,K-019
DHR237R,φ4×R0.1×24,8,60,K-019
DHR237R,φ4×R0.1×32,8,70,K-019
DHR237R,φ4×R0.2×16,8,60,K-019
DHR237R,φ4×R0.2×24,8,60,K-019
DHR237R,φ4×R0.2×32,8,70,K-019
DHR237R,φ4×R0.3×16,8,60,K-019
DHR237R,φ4×R0.3×24,8,60,K-019
DHR237R,φ4×R0.3×32,8,70,K-019
DHR237R,φ4×R0.5×16,8,60,K-019
DHR237R,φ4×R0.5×24,8,60,K-019
DHR237R,φ4×R0.5×32,8,70,K-019
DHR237R,φ4×R1×16,8,60,K-019
DHR237R,φ4×R1×24,8,60,K-019
DHR237R,φ4×R1×32,8,70,K-019
DHR237R,φ5×R0.1×20,10,60,K-019
DHR237R,φ5×R0.1×40,10,80,K-019
DHR237R,φ6×R0.1×24,12,60,K-019
DHR237R,φ6×R0.1×48,12,90,K-019
DHR237R,φ6×R0.2×24,12,60,K-019
DHR237R,φ6×R0.2×48,12,90,K-019
DHR237R,φ6×R0.3×24,12,60,K-019
DHR237R,φ6×R0.3×48,12,90,K-019
DHR237R,φ6×R0.5×24,12,60,K-019
DHR237R,φ6×R0.5×30,12,70,K-019
DHR237R,φ6×R0.5×48,12,90,K-019
DHR237R,φ6×R1×24,12,60,K-019
DHR237R,φ6×R1×48,12,90,K-019
MHDH445R,φ3×R0.2,6,60,F-034
MHDH445R,φ3×R0.3,6,60,F-034
MHDH445R,φ3×R0.5,6,60,F-034
MHDH445R,φ4×R0.2,8,60,F-034
MHDH445R,φ4×R0.3,8,60,F-034
MHDH445R,φ4×R0.5,8,60,F-034
MHDH645R,φ5×R0.2,10,60,F-036
MHDH645R,φ5×R0.3,10,60,F-036
MHDH645R,φ5×R0.5,10,60,F-036
MHDH645R,φ5×R1,10,60,F-036
MHDH645R,φ6×R0.2,12,60,F-036
MHDH645R,φ6×R0.3,12,60,F-036
MHDH645R,φ6×R0.5,12,60,F-036
MHDH645R,φ6×R1,12,60,F-036
MHDH645R,φ8×R0.3,16,65,F-036
MHDH645R,φ8×R0.5,16,65,F-036
MHDH645R,φ8×R1,16,65,F-036
MHDH645R,φ8×R1.5,16,65,F-036
MHDH645R,φ10×R0.3,20,75,F-036
MHDH645R,φ10×R0.5,20,75,F-036
MHDH645R,φ10×R1,20,75,F-036
MHDH645R,φ10×R1.5,20,75,F-036
MHDH645R,φ10×R2,20,75,F-036
MHDH645R,φ12×R0.5,24,80,F-036
MHDH645R,φ12×R1,24,80,F-036
MHDH645R,φ12×R1.5,24,80,F-036
MHDH645R,φ12×R2,24,80,F-036
MHR230R,φ0.2×R0.05×0.5,0.15,45,G-138
MHR230R,φ0.2×R0.05×0.5,0.15,50,G-138
MHR230R,φ0.2×R0.05×1,0.15,45,G-138
MHR230R,φ0.2×R0.05×1,0.15,50,G-138
MHR230R,φ0.2×R0.05×1.5,0.15,45,G-138
MHR230R,φ0.2×R0.05×2,0.15,45,G-138
MHR230R,φ0.3×R0.05×1,0.25,45,G-138
MHR230R,φ0.3×R0.05×1,0.25,50,G-138
MHR230R,φ0.3×R0.05×1.5,0.25,45,G-138
MHR230R,φ0.3×R0.05×2,0.25,45,G-138
MHR230R,φ0.3×R0.05×2,0.25,50,G-138
MHR230R,φ0.3×R0.05×2.5,0.25,45,G-138
MHR230R,φ0.3×R0.05×3,0.25,45,G-138
MHR230R,φ0.4×R0.05×1,0.3,45,G-138
MHR230R,φ0.4×R0.05×1.5,0.3,45,G-138
MHR230R,φ0.4×R0.05×2,0.3,45,G-138
MHR230R,φ0.4×R0.05×2,0.3,50,G-138
MHR230R,φ0.4×R0.05×3,0.3,45,G-138
MHR230R,φ0.4×R0.05×3,0.3,50,G-138
MHR230R,φ0.4×R0.05×4,0.3,45,G-138
MHR230R,φ0.4×R0.05×4,0.3,50,G-138
MHR230R,φ0.4×R0.1×1,0.3,45,G-138
MHR230R,φ0.4×R0.1×1.5,0.3,45,G-138
MHR230R,φ0.4×R0.1×2,0.3,45,G-138
MHR230R,φ0.4×R0.1×2,0.3,50,G-138
MHR230R,φ0.4×R0.1×3,0.3,45,G-138
MHR230R,φ0.4×R0.1×3,0.3,50,G-138
MHR230R,φ0.4×R0.1×4,0.3,45,G-138
MHR230R,φ0.4×R0.1×4,0.3,50,G-138
MHR230R,φ0.5×R0.05×1,0.4,45,G-139
MHR230R,φ0.5×R0.05×2,0.4,45,G-139
MHR230R,φ0.5×R0.05×2,0.4,50,G-139
MHR230R,φ0.5×R0.05×3,0.4,45,G-139
MHR230R,φ0.5×R0.05×3,0.4,50,G-139
MHR230R,φ0.5×R0.05×4,0.4,45,G-139
MHR230R,φ0.5×R0.05×4,0.4,50,G-139
MHR230R,φ0.5×R0.05×5,0.4,45,G-139
MHR230R,φ0.5×R0.05×5,0.4,50,G-139
MHR230R,φ0.5×R0.05×6,0.4,45,G-139
MHR230R,φ0.5×R0.1×1,0.4,45,G-139
MHR230R,φ0.5×R0.1×2,0.4,45,G-139
MHR230R,φ0.5×R0.1×2,0.4,50,G-139
MHR230R,φ0.5×R0.1×3,0.4,45,G-139
MHR230R,φ0.5×R0.1×3,0.4,50,G-139
MHR230R,φ0.5×R0.1×4,0.4,45,G-139
MHR230R,φ0.5×R0.1×4,0.4,50,G-139
MHR230R,φ0.5×R0.1×5,0.4,45,G-139
MHR230R,φ0.5×R0.1×5,0.4,50,G-139
MHR230R,φ0.5×R0.1×6,0.4,45,G-139
MHR230R,φ0.6×R0.05×2,0.5,45,G-139
MHR230R,φ0.6×R0.05×2,0.5,50,G-139
MHR230R,φ0.6×R0.05×3,0.5,45,G-139
MHR230R,φ0.6×R0.05×4,0.5,45,G-139
MHR230R,φ0.6×R0.05×4,0.5,50,G-139
MHR230R,φ0.6×R0.05×6,0.5,45,G-139
MHR230R,φ0.6×R0.05×6,0.5,50,G-139
MHR230R,φ0.6×R0.05×8,0.5,50,G-139
MHR230R,φ0.6×R0.1×2,0.5,45,G-139
MHR230R,φ0.6×R0.1×3,0.5,45,G-139
MHR230R,φ0.6×R0.1×4,0.5,45,G-139
MHR230R,φ0.6×R0.1×4,0.5,50,G-139
MHR230R,φ0.6×R0.1×6,0.5,45,G-139
MHR230R,φ0.6×R0.1×6,0.5,50,G-139
MHR230R,φ0.6×R0.1×8,0.5,50,G-139
MHR230R,φ0.6×R0.2×2,0.5,45,G-139
MHR230R,φ0.6×R0.2×3,0.5,45,G-139
MHR230R,φ0.6×R0.2×4,0.5,45,G-140
MHR230R,φ0.6×R0.2×6,0.5,45,G-140
MHR230R,φ0.6×R0.2×8,0.5,50,G-140
MHR230R,φ0.7×R0.05×4,0.55,45,G-140
MHR230R,φ0.7×R0.05×4,0.55,50,G-140
MHR230R,φ0.7×R0.05×6,0.55,45,G-140
MHR230R,φ0.7×R0.05×6,0.55,50,G-140
MHR230R,φ0.7×R0.1×4,0.55,45,G-140
MHR230R,φ0.7×R0.1×4,0.55,50,G-140
MHR230R,φ0.7×R0.1×6,0.55,45,G-140
MHR230R,φ0.7×R0.1×6,0.55,50,G-140
MHR230R,φ0.8×R0.05×4,0.65,45,G-140
MHR230R,φ0.8×R0.05×4,0.65,50,G-140
MHR230R,φ0.8×R0.05×6,0.65,45,G-140
MHR230R,φ0.8×R0.05×6,0.65,50,G-140
MHR230R,φ0.8×R0.05×8,0.65,50,G-140
MHR230R,φ0.8×R0.1×4,0.65,45,G-140
MHR230R,φ0.8×R0.1×4,0.65,50,G-140
MHR230R,φ0.8×R0.1×6,0.65,45,G-140
MHR230R,φ0.8×R0.1×6,0.65,50,G-140
MHR230R,φ0.8×R0.1×8,0.65,50,G-140
MHR230R,φ0.8×R0.2×4,0.65,45,G-140
MHR230R,φ0.8×R0.2×4,0.65,50,G-140
MHR230R,φ0.8×R0.2×6,0.65,45,G-140
MHR230R,φ0.8×R0.2×6,0.65,50,G-140
MHR230R,φ0.8×R0.2×8,0.65,50,G-140
MHR230R,φ0.9×R0.1×4,0.7,45,G-140
MHR230R,φ0.9×R0.1×4,0.7,50,G-140
MHR230R,φ0.9×R0.1×8,0.7,50,G-140
MHR230R,φ1×R0.05×2,0.8,50,G-140
MHR230R,φ1×R0.05×3,0.8,50,G-140
MHR230R,φ1×R0.05×4,0.8,50,"G-140,G-141"
MHR230R,φ1×R0.05×5,0.8,50,G-141
MHR230R,φ1×R0.05×6,0.8,50,G-141
MHR230R,φ1×R0.05×8,0.8,50,G-141
MHR230R,φ1×R0.05×10,0.8,50,G-141
MHR230R,φ1×R0.05×12,0.8,50,G-141
MHR230R,φ1×R0.05×16,0.8,60,G-141
MHR230R,φ1×R0.05×20,0.8,60,G-141
MHR230R,φ1×R0.1×2,0.8,50,G-141
MHR230R,φ1×R0.1×3,0.8,50,G-141
MHR230R,φ1×R0.1×4,0.8,50,G-141
MHR230R,φ1×R0.1×5,0.8,50,G-141
MHR230R,φ1×R0.1×6,0.8,50,G-141
MHR230R,φ1×R0.1×8,0.8,50,G-141
MHR230R,φ1×R0.1×10,0.8,50,G-141
MHR230R,φ1×R0.1×12,0.8,50,G-141
MHR230R,φ1×R0.1×16,0.8,60,G-141
MHR230R,φ1×R0.1×20,0.8,60,G-141
MHR230R,φ1×R0.2×2,0.8,50,G-141
MHR230R,φ1×R0.2×3,0.8,50,G-141
MHR230R,φ1×R0.2×4,0.8,50,G-141
MHR230R,φ1×R0.2×5,0.8,50,G-141
MHR230R,φ1×R0.2×6,0.8,50,G-142
MHR230R,φ1×R0.2×8,0.8,50,G-142
MHR230R,φ1×R0.2×10,0.8,50,G-142
MHR230R,φ1×R0.2×12,0.8,50,G-142
MHR230R,φ1×R0.2×16,0.8,60,G-142
MHR230R,φ1×R0.2×20,0.8,60,G-142
MHR230R,φ1×R0.3×2,0.8,50,G-142
MHR230R,φ1×R0.3×3,0.8,50,G-142
MHR230R,φ1×R0.3×4,0.8,50,G-142
MHR230R,φ1×R0.3×5,0.8,50,G-142
MHR230R,φ1×R0.3×6,0.8,50,G-142
MHR230R,φ1×R0.3×8,0.8,50,G-142
MHR230R,φ1×R0.3×10,0.8,50,G-142
MHR230R,φ1×R0.3×12,0.8,50,G-142
MHR230R,φ1×R0.3×16,0.8,60,G-142
MHR230R,φ1×R0.3×20,0.8,60,G-142
MHR230R,φ1.2×R0.1×5,1,50,G-142
MHR230R,φ1.2×R0.1×6,1,50,G-142
MHR230R,φ1.2×R0.1×8,1,50,G-142
MHR230R,φ1.2×R0.1×10,1,50,G-142
MHR230R,φ1.2×R0.1×12,1,50,G-142
MHR230R,φ1.2×R0.1×15,1,60,G-142
MHR230R,φ1.2×R0.1×16,1,60,G-142
MHR230R,φ1.2×R0.1×20,1,60,G-142
MHR230R,φ1.2×R0.2×5,1,50,G-142
MHR230R,φ1.2×R0.2×6,1,50,G-143
MHR230R,φ1.2×R0.2×8,1,50,G-143
MHR230R,φ1.2×R0.2×10,1,50,G-143
MHR230R,φ1.2×R0.2×12,1,50,G-143
MHR230R,φ1.2×R0.2×15,1,60,G-143
MHR230R,φ1.2×R0.2×16,1,60,G-143
MHR230R,φ1.2×R0.2×20,1,60,G-143
MHR230R,φ1.2×R0.3×5,1,50,G-143
MHR230R,φ1.2×R0.3×6,1,50,G-143
MHR230R,φ1.2×R0.3×8,1,50,G-143
MHR230R,φ1.2×R0.3×10,1,50,G-143
MHR230R,φ1.2×R0.3×12,1,50,G-143
MHR230R,φ1.2×R0.3×15,1,60,G-143
MHR230R,φ1.2×R0.3×16,1,60,G-143
MHR230R,φ1.2×R0.3×20,1,60,G-143
MHR230R,φ1.5×R0.1×4,1.2,50,G-143
MHR230R,φ1.5×R0.1×6,1.2,50,G-143
MHR230R,φ1.5×R0.1×8,1.2,50,G-143
MHR230R,φ1.5×R0.1×10,1.2,50,G-143
MHR230R,φ1.5×R0.1×12,1.2,50,G-143
MHR230R,φ1.5×R0.1×16,1.2,60,G-143
MHR230R,φ1.5×R0.1×18,1.2,60,G-143
MHR230R,φ1.5×R0.1×20,1.2,60,G-143
MHR230R,φ1.5×R0.2×4,1.2,50,G-143
MHR230R,φ1.5×R0.2×6,1.2,50,G-143
MHR230R,φ1.5×R0.2×8,1.2,50,G-143
MHR230R,φ1.5×R0.2×10,1.2,50,G-143
MHR230R,φ1.5×R0.2×12,1.2,50,G-143
MHR230R,φ1.5×R0.2×16,1.2,60,G-143
MHR230R,φ1.5×R0.2×18,1.2,60,"G-143,G-144"
MHR230R,φ1.5×R0.2×20,1.2,60,G-144
MHR230R,φ1.5×R0.3×4,1.2,50,G-144
MHR230R,φ1.5×R0.3×6,1.2,50,G-144
MHR230R,φ1.5×R0.3×8,1.2,50,G-144
MHR230R,φ1.5×R0.3×10,1.2,50,G-144
MHR230R,φ1.5×R0.3×12,1.2,50,G-144
MHR230R,φ1.5×R0.3×16,1.2,60,G-144
MHR230R,φ1.5×R0.3×18,1.2,60,G-144
MHR230R,φ1.5×R0.3×20,1.2,60,G-144
MHR230R,φ1.5×R0.5×4,1.2,50,G-144
MHR230R,φ1.5×R0.5×6,1.2,50,G-144
MHR230R,φ1.5×R0.5×8,1.2,50,G-144
MHR230R,φ1.5×R0.5×10,1.2,50,G-144
MHR230R,φ1.5×R0.5×12,1.2,50,G-144
MHR230R,φ1.5×R0.5×16,1.2,60,G-144
MHR230R,φ1.5×R0.5×18,1.2,60,G-144
MHR230R,φ1.5×R0.5×20,1.2,60,G-144
MHR230R,φ2×R0.1×4,1.6,50,G-144
MHR230R,φ2×R0.1×6,1.6,50,G-144
MHR230R,φ2×R0.1×8,1.6,50,G-144
MHR230R,φ2×R0.1×10,1.6,50,G-144
MHR230R,φ2×R0.1×12,1.6,50,G-144
MHR230R,φ2×R0.1×16,1.6,60,G-144
MHR230R,φ2×R0.1×20,1.6,60,G-144
MHR230R,φ2×R0.1×24,1.6,70,G-144
MHR230R,φ2×R0.1×26,1.6,70,G-145
MHR230R,φ2×R0.1×30,1.6,70,G-145
MHR230R,φ2×R0.2×4,1.6,50,G-145
MHR230R,φ2×R0.2×6,1.6,50,G-145
MHR230R,φ2×R0.2×8,1.6,50,G-145
MHR230R,φ2×R0.2×10,1.6,50,G-145
MHR230R,φ2×R0.2×12,1.6,50,G-145
MHR230R,φ2×R0.2×16,1.6,60,G-145
MHR230R,φ2×R0.2×20,1.6,60,G-145
MHR230R,φ2×R0.2×24,1.6,70,G-145
MHR230R,φ2×R0.2×26,1.6,70,G-145
MHR230R,φ2×R0.2×30,1.6,70,G-145
MHR230R,φ2×R0.3×4,1.6,50,G-145
MHR230R,φ2×R0.3×6,1.6,50,G-145
MHR230R,φ2×R0.3×8,1.6,50,G-145
MHR230R,φ2×R0.3×10,1.6,50,G-145
MHR230R,φ2×R0.3×12,1.6,50,G-145
MHR230R,φ2×R0.3×16,1.6,60,G-145
MHR230R,φ2×R0.3×20,1.6,60,G-145
MHR230R,φ2×R0.3×24,1.6,70,G-145
MHR230R,φ2×R0.3×26,1.6,70,G-145
MHR230R,φ2×R0.3×30,1.6,70,G-145
MHR230R,φ2×R0.5×4,1.6,50,G-145
MHR230R,φ2×R0.5×6,1.6,50,G-145
MHR230R,φ2×R0.5×8,1.6,50,G-145
MHR230R,φ2×R0.5×10,1.6,50,G-145
MHR230R,φ2×R0.5×12,1.6,50,G-146
MHR230R,φ2×R0.5×16,1.6,60,G-146
MHR230R,φ2×R0.5×20,1.6,60,G-146
MHR230R,φ2×R0.5×24,1.6,70,G-146
MHR230R,φ2×R0.5×26,1.6,70,G-146
MHR230R,φ2×R0.5×30,1.6,70,G-146
MHR230R,φ2.5×R0.1×10,2,50,G-146
MHR230R,φ2.5×R0.1×20,2,60,G-146
MHR230R,φ2.5×R0.1×30,2,70,G-146
MHR230R,φ2.5×R0.2×10,2,50,G-146
MHR230R,φ2.5×R0.2×20,2,60,G-146
MHR230R,φ2.5×R0.2×30,2,70,G-146
MHR230R,φ2.5×R0.3×10,2,50,G-146
MHR230R,φ2.5×R0.3×20,2,60,G-146
MHR230R,φ2.5×R0.3×30,2,70,G-146
MHR230R,φ2.5×R0.5×10,2,50,G-146
MHR230R,φ2.5×R0.5×20,2,60,G-146
MHR230R,φ2.5×R0.5×30,2,70,G-146
MHR230R,φ3×R0.1×12,4.5,50,G-147
MHR230R,φ3×R0.1×18,4.5,60,G-147
MHR230R,φ3×R0.1×24,4.5,70,G-147
MHR230R,φ3×R0.1×30,4.5,70,G-147
MHR230R,φ3×R0.1×36,4.5,80,G-147
MHR230R,φ3×R0.2×12,4.5,50,G-147
MHR230R,φ3×R0.2×18,4.5,60,G-147
MHR230R,φ3×R0.2×24,4.5,70,G-147
MHR230R,φ3×R0.2×30,4.5,70,G-147
MHR230R,φ3×R0.2×36,4.5,80,G-147
MHR230R,φ3×R0.3×12,4.5,50,G-147
MHR230R,φ3×R0.3×18,4.5,60,G-147
MHR230R,φ3×R0.3×24,4.5,70,G-147
MHR230R,φ3×R0.3×30,4.5,70,G-147
MHR230R,φ3×R0.3×36,4.5,80,G-147
MHR230R,φ3×R0.5×12,4.5,50,G-147
MHR230R,φ3×R0.5×18,4.5,60,G-147
MHR230R,φ3×R0.5×24,4.5,70,G-147
MHR230R,φ3×R0.5×30,4.5,70,G-147
MHR230R,φ3×R0.5×36,4.5,80,G-147
MHR230R,φ3×R1×12,4.5,50,G-147
MHR230R,φ3×R1×18,4.5,60,G-147
MHR230R,φ3×R1×24,4.5,70,G-147
MHR230R,φ3×R1×30,4.5,70,G-147
MHR230R,φ3×R1×36,4.5,80,G-147
MHR230R,φ4×R0.1×16,6,60,G-147
MHR230R,φ4×R0.1×24,6,70,G-147
MHR230R,φ4×R0.1×32,6,70,G-147
MHR230R,φ4×R0.1×48,6,100,G-147
MHR230R,φ4×R0.2×16,6,60,G-147
MHR230R,φ4×R0.2×24,6,70,G-147
MHR230R,φ4×R0.2×32,6,70,G-147
MHR230R,φ4×R0.2×48,6,100,G-147
MHR230R,φ4×R0.3×16,6,60,G-147
MHR230R,φ4×R0.3×24,6,70,G-147
MHR230R,φ4×R0.3×32,6,70,G-147
MHR230R,φ4×R0.3×48,6,100,G-147
MHR230R,φ4×R0.5×16,6,60,G-148
MHR230R,φ4×R0.5×24,6,70,G-148
MHR230R,φ4×R0.5×32,6,70,G-148
MHR230R,φ4×R0.5×48,6,100,G-148
MHR230R,φ4×R1×16,6,60,G-148
MHR230R,φ4×R1×24,6,70,G-148
MHR230R,φ4×R1×32,6,70,G-148
MHR230R,φ4×R1×48,6,100,G-148
MHR230R,φ5×R0.1×20,7.5,70,G-148
MHR230R,φ5×R0.1×40,7.5,90,G-148
MHR230R,φ5×R0.2×20,7.5,70,G-148
MHR230R,φ5×R0.2×40,7.5,90,G-148
MHR230R,φ5×R0.3×20,7.5,70,G-148
MHR230R,φ5×R0.3×40,7.5,90,G-148
MHR230R,φ5×R0.5×20,7.5,70,G-148
MHR230R,φ5×R0.5×40,7.5,90,G-148
MHR230R,φ5×R1×20,7.5,70,G-148
MHR230R,φ5×R1×40,7.5,90,G-148
MHR230R,φ6×R0.1×24,9,90,G-148
MHR230R,φ6×R0.1×48,9,110,G-148
MHR230R,φ6×R0.2×24,9,90,G-148
MHR230R,φ6×R0.2×48,9,110,G-148
MHR230R,φ6×R0.3×24,9,90,G-148
MHR230R,φ6×R0.3×48,9,110,G-148
MHR230R,φ6×R0.5×24,9,90,G-148
MHR230R,φ6×R0.5×48,9,110,G-148
MHR230R,φ6×R1×24,9,90,G-148
MHR230R,φ6×R1×48,9,110,G-148
MHR430R,φ1×R0.05×3,0.8,50,G-152
MHR430R,φ1×R0.05×4,0.8,50,G-152
MHR430R,φ1×R0.05×5,0.8,50,G-152
MHR430R,φ1×R0.05×6,0.8,50,G-152
MHR430R,φ1×R0.05×8,0.8,50,G-152
MHR430R,φ1×R0.05×10,0.8,50,G-152
MHR430R,φ1×R0.05×12,0.8,50,G-152
MHR430R,φ1×R0.1×3,0.8,50,G-152
MHR430R,φ1×R0.1×4,0.8,50,G-152
MHR430R,φ1×R0.1×5,0.8,50,G-152
MHR430R,φ1×R0.1×6,0.8,50,G-152
MHR430R,φ1×R0.1×8,0.8,50,G-152
MHR430R,φ1×R0.1×10,0.8,50,G-152
MHR430R,φ1×R0.1×12,0.8,50,G-152
MHR430R,φ1×R0.2×3,0.8,50,G-152
MHR430R,φ1×R0.2×4,0.8,50,G-152
MHR430R,φ1×R0.2×5,0.8,50,G-152
MHR430R,φ1×R0.2×6,0.8,50,G-152
MHR430R,φ1×R0.2×8,0.8,50,G-152
MHR430R,φ1×R0.2×10,0.8,50,G-152
MHR430R,φ1×R0.2×12,0.8,50,G-152
MHR430R,φ1×R0.3×3,0.8,50,G-152
MHR430R,φ1×R0.3×4,0.8,50,G-152
MHR430R,φ1×R0.3×5,0.8,50,G-152
MHR430R,φ1×R0.3×6,0.8,50,G-152
MHR430R,φ1×R0.3×8,0.8,50,G-152
MHR430R,φ1×R0.3×10,0.8,50,G-152
MHR430R,φ1×R0.3×12,0.8,50,G-152
MHR430R,φ1.2×R0.1×5,1,50,G-152
MHR430R,φ1.2×R0.1×10,1,50,G-152
MHR430R,φ1.2×R0.1×15,1,60,G-152
MHR430R,φ1.2×R0.2×5,1,50,G-153
MHR430R,φ1.2×R0.2×10,1,50,G-153
MHR430R,φ1.2×R0.2×15,1,60,G-153
MHR430R,φ1.2×R0.3×5,1,50,G-153
MHR430R,φ1.2×R0.3×10,1,50,G-153
MHR430R,φ1.2×R0.3×15,1,60,G-153
MHR430R,φ1.5×R0.1×6,1.2,50,G-153
MHR430R,φ1.5×R0.1×12,1.2,50,G-153
MHR430R,φ1.5×R0.1×18,1.2,60,G-153
MHR430R,φ1.5×R0.2×6,1.2,50,G-153
MHR430R,φ1.5×R0.2×12,1.2,50,G-153
MHR430R,φ1.5×R0.2×18,1.2,60,G-153
MHR430R,φ1.5×R0.3×6,1.2,50,G-153
MHR430R,φ1.5×R0.3×12,1.2,50,G-153
MHR430R,φ1.5×R0.3×18,1.2,60,G-153
MHR430R,φ1.5×R0.5×6,1.2,50,G-153
MHR430R,φ1.5×R0.5×12,1.2,50,G-153
MHR430R,φ1.5×R0.5×18,1.2,60,G-153
MHR430R,φ2×R0.1×8,1.6,50,G-153
MHR430R,φ2×R0.1×12,1.6,50,G-153
MHR430R,φ2×R0.1×16,1.6,60,G-153
MHR430R,φ2×R0.1×20,1.6,60,G-153
MHR430R,φ2×R0.1×24,1.6,70,G-153
MHR430R,φ2×R0.2×8,1.6,50,G-153
MHR430R,φ2×R0.2×12,1.6,50,G-153
MHR430R,φ2×R0.2×16,1.6,60,G-153
MHR430R,φ2×R0.2×20,1.6,60,G-153
MHR430R,φ2×R0.2×24,1.6,70,G-153
MHR430R,φ2×R0.3×8,1.6,50,G-153
MHR430R,φ2×R0.3×12,1.6,50,G-153
MHR430R,φ2×R0.3×16,1.6,60,G-153
MHR430R,φ2×R0.3×20,1.6,60,G-153
MHR430R,φ2×R0.3×24,1.6,70,G-153
MHR430R,φ2×R0.5×8,1.6,50,G-153
MHR430R,φ2×R0.5×12,1.6,50,G-153
MHR430R,φ2×R0.5×16,1.6,60,G-153
MHR430R,φ2×R0.5×20,1.6,60,G-153
MHR430R,φ2×R0.5×24,1.6,70,G-153
MHR430R,φ2.5×R0.1×10,2,50,G-154
MHR430R,φ2.5×R0.1×20,2,60,G-154
MHR430R,φ2.5×R0.1×30,2,70,G-154
MHR430R,φ2.5×R0.2×10,2,50,G-154
MHR430R,φ2.5×R0.2×20,2,60,G-154
MHR430R,φ2.5×R0.2×30,2,70,G-154
MHR430R,φ2.5×R0.3×10,2,50,G-154
MHR430R,φ2.5×R0.3×20,2,60,G-154
MHR430R,φ2.5×R0.3×30,2,70,G-154
MHR430R,φ2.5×R0.5×10,2,50,G-154
MHR430R,φ2.5×R0.5×20,2,60,G-154
MHR430R,φ2.5×R0.5×30,2,70,G-154
MHR430R,φ3×R0.1×12,2.5,50,G-154
MHR430R,φ3×R0.1×18,2.5,60,G-154
MHR430R,φ3×R0.1×24,2.5,70,G-154
MHR430R,φ3×R0.1×30,2.5,70,G-154
MHR430R,φ3×R0.1×36,2.5,80,G-154
MHR430R,φ3×R0.2×12,2.5,50,G-154
MHR430R,φ3×R0.2×18,2.5,60,G-154
MHR430R,φ3×R0.2×24,2.5,70,G-154
MHR430R,φ3×R0.2×30,2.5,70,G-154
MHR430R,φ3×R0.2×36,2.5,80,G-154
MHR430R,φ3×R0.3×12,2.5,50,G-154
MHR430R,φ3×R0.3×20,2.5,60,G-154
MHR430R,φ3×R0.3×24,2.5,70,G-154
MHR430R,φ3×R0.3×30,2.5,70,G-154
MHR430R,φ3×R0.3×36,2.5,80,G-154
MHR430R,φ3×R0.5×12,2.5,50,G-154
MHR430R,φ3×R0.5×20,2.5,60,G-154
MHR430R,φ3×R0.5×24,2.5,70,G-154
MHR430R,φ3×R0.5×30,2.5,70,G-154
MHR430R,φ3×R0.5×36,2.5,80,G-154
MHR430R,φ3×R1×12,2.5,50,G-154
MHR430R,φ3×R1×20,2.5,60,G-154
MHR430R,φ3×R1×24,2.5,70,G-154
MHR430R,φ3×R1×30,2.5,70,G-154
MHR430R,φ3×R1×36,2.5,80,G-154
MHR430R,φ4×R0.1×16,3.2,60,G-155
MHR430R,φ4×R0.1×24,3.2,70,G-155
MHR430R,φ4×R0.1×32,3.2,70,G-155
MHR430R,φ4×R0.1×48,3.2,100,G-155
MHR430R,φ4×R0.2×16,3.2,60,G-155
MHR430R,φ4×R0.2×24,3.2,70,G-155
MHR430R,φ4×R0.2×32,3.2,70,G-155
MHR430R,φ4×R0.2×48,3.2,100,G-155
MHR430R,φ4×R0.3×16,3.2,60,G-155
MHR430R,φ4×R0.3×24,3.2,70,G-155
MHR430R,φ4×R0.3×32,3.2,70,G-155
MHR430R,φ4×R0.3×48,3.2,100,G-155
MHR430R,φ4×R0.5×16,3.2,60,G-155
MHR430R,φ4×R0.5×24,3.2,70,G-155
MHR430R,φ4×R0.5×32,3.2,70,G-155
MHR430R,φ4×R0.5×48,3.2,100,G-155
MHR430R,φ4×R1×16,3.2,60,G-155
MHR430R,φ4×R1×24,3.2,70,G-155
MHR430R,φ4×R1×32,3.2,70,G-155
MHR430R,φ4×R1×48,3.2,100,G-155
MHR430R,φ5×R0.1×20,4,70,G-155
MHR430R,φ5×R0.1×40,4,90,G-155
MHR430R,φ5×R0.2×20,4,70,G-155
MHR430R,φ5×R0.2×40,4,90,G-155
MHR430R,φ5×R0.3×20,4,70,G-155
MHR430R,φ5×R0.3×40,4,90,G-155
MHR430R,φ5×R0.5×20,4,70,G-155
MHR430R,φ5×R0.5×40,4,90,G-155
MHR430R,φ5×R1×20,4,70,G-155
MHR430R,φ5×R1×40,4,90,G-155
MHR430R,φ6×R0.1×24,5,90,G-155
MHR430R,φ6×R0.1×48,5,110,G-155
MHR430R,φ6×R0.2×24,5,90,G-155
MHR430R,φ6×R0.2×48,5,110,G-155
MHR430R,φ6×R0.3×24,5,90,G-155
MHR430R,φ6×R0.3×48,5,110,G-155
MHR430R,φ6×R0.5×24,5,90,G-155
MHR430R,φ6×R0.5×48,5,110,G-155
MHR430R,φ6×R1×24,5,90,G-155
MHR430R,φ6×R1×48,5,110,G-155
MHRH230R,φ0.2×R0.02×1,0.15,45,F-074
MHRH230R,φ0.2×R0.02×1.5,0.15,45,F-074
MHRH230R,φ0.2×R0.02×2,0.15,45,F-074
MHRH230R,φ0.2×R0.05×0.5,0.15,45,F-074
MHRH230R,φ0.2×R0.05×1,0.15,45,F-074
MHRH230R,φ0.2×R0.05×1.5,0.15,45,F-074
MHRH230R,φ0.2×R0.05×2,0.15,45,F-074
MHRH230R,φ0.3×R0.02×1,0.25,45,F-074
MHRH230R,φ0.3×R0.02×1.5,0.25,45,F-074
MHRH230R,φ0.3×R0.02×2,0.25,45,F-074
MHRH230R,φ0.3×R0.02×2.5,0.25,45,F-074
MHRH230R,φ0.3×R0.02×3,0.25,45,F-074
MHRH230R,φ0.3×R0.05×1,0.25,45,F-074
MHRH230R,φ0.3×R0.05×1.5,0.25,45,F-074
MHRH230R,φ0.3×R0.05×2,0.25,45,F-074
MHRH230R,φ0.3×R0.05×2.5,0.25,45,F-074
MHRH230R,φ0.3×R0.05×3,0.25,45,F-074
MHRH230R,φ0.4×R0.02×1,0.3,45,F-074
MHRH230R,φ0.4×R0.02×1.5,0.3,45,F-074
MHRH230R,φ0.4×R0.02×2,0.3,45,F-074
MHRH230R,φ0.4×R0.02×2.5,0.3,45,F-074
MHRH230R,φ0.4×R0.02×3,0.3,45,F-074
MHRH230R,φ0.4×R0.02×4,0.3,45,F-074
MHRH230R,φ0.2×R0.02×0.5,0.15,45,F-074
MHRH230R,φ0.4×R0.05×1,0.3,45,F-074
MHRH230R,φ0.4×R0.05×1.5,0.3,45,F-074
MHRH230R,φ0.4×R0.05×2,0.3,45,F-074
MHRH230R,φ0.4×R0.05×2.5,0.3,45,F-074
MHRH230R,φ0.4×R0.05×3,0.3,45,F-074
MHRH230R,φ0.4×R0.05×4,0.3,45,F-074
MHRH230R,φ0.4×R0.1×1,0.3,45,F-074
MHRH230R,φ0.4×R0.1×2,0.3,45,F-074
MHRH230R,φ0.4×R0.1×3,0.3,45,F-074
MHRH230R,φ0.4×R0.1×4,0.3,45,F-074
MHRH230R,φ0.5×R0.02×1,0.4,45,F-074
MHRH230R,φ0.5×R0.02×2,0.4,45,F-074
MHRH230R,φ0.5×R0.02×3,0.4,45,F-074
MHRH230R,φ0.5×R0.02×4,0.4,45,F-074
MHRH230R,φ0.5×R0.02×5,0.4,45,F-074
MHRH230R,φ0.5×R0.02×6,0.4,45,F-074
MHRH230R,φ0.5×R0.05×1,0.4,45,F-074
MHRH230R,φ0.5×R0.05×2,0.4,45,F-074
MHRH230R,φ0.5×R0.05×3,0.4,45,F-074
MHRH230R,φ0.5×R0.05×4,0.4,45,F-074
MHRH230R,φ0.5×R0.05×5,0.4,45,F-074
MHRH230R,φ0.5×R0.05×6,0.4,45,F-074
MHRH230R,φ0.5×R0.1×1,0.4,45,F-075
MHRH230R,φ0.5×R0.1×2,0.4,45,F-075
MHRH230R,φ0.5×R0.1×3,0.4,45,F-075
MHRH230R,φ0.5×R0.1×4,0.4,45,F-075
MHRH230R,φ0.5×R0.1×5,0.4,45,F-075
MHRH230R,φ0.5×R0.1×6,0.4,45,F-075
MHRH230R,φ0.6×R0.02×2,0.5,45,F-075
MHRH230R,φ0.6×R0.02×4,0.5,45,F-075
MHRH230R,φ0.6×R0.02×6,0.5,45,F-075
MHRH230R,φ0.6×R0.02×8,0.5,50,F-075
MHRH230R,φ0.6×R0.02×10,0.5,50,F-075
MHRH230R,φ0.6×R0.05×2,0.5,45,F-075
MHRH230R,φ0.6×R0.05×4,0.5,45,F-075
MHRH230R,φ0.6×R0.05×6,0.5,45,F-075
MHRH230R,φ0.6×R0.05×8,0.5,50,F-075
MHRH230R,φ0.6×R0.05×10,0.5,50,F-075
MHRH230R,φ0.6×R0.1×2,0.5,45,F-075
MHRH230R,φ0.6×R0.1×4,0.5,45,F-075
MHRH230R,φ0.6×R0.1×6,0.5,45,F-075
MHRH230R,φ0.6×R0.1×8,0.5,50,F-075
MHRH230R,φ0.6×R0.1×10,0.5,50,F-075
MHRH230R,φ0.7×R0.02×2,0.55,45,F-075
MHRH230R,φ0.7×R0.02×4,0.55,45,F-075
MHRH230R,φ0.7×R0.02×6,0.55,45,F-075
MHRH230R,φ0.7×R0.05×2,0.55,45,F-075
MHRH230R,φ0.7×R0.05×4,0.55,45,F-075
MHRH230R,φ0.7×R0.05×6,0.55,45,F-075
MHRH230R,φ0.7×R0.1×2,0.55,45,F-075
MHRH230R,φ0.7×R0.1×4,0.55,45,F-075
MHRH230R,φ0.7×R0.1×6,0.55,45,F-075
MHRH230R,φ0.8×R0.02×2,0.65,45,F-075
MHRH230R,φ0.8×R0.02×4,0.65,45,F-075
MHRH230R,φ0.8×R0.02×6,0.65,45,F-075
MHRH230R,φ0.8×R0.02×8,0.65,50,F-075
MHRH230R,φ0.8×R0.05×2,0.65,45,F-075
MHRH230R,φ0.8×R0.05×4,0.65,45,F-075
MHRH230R,φ0.8×R0.05×6,0.65,45,F-075
MHRH230R,φ0.8×R0.05×8,0.65,50,F-075
MHRH230R,φ0.8×R0.05×12,0.65,50,F-075
MHRH230R,φ0.8×R0.1×2,0.65,45,F-075
MHRH230R,φ0.8×R0.1×4,0.65,45,F-075
MHRH230R,φ0.8×R0.1×6,0.65,45,F-075
MHRH230R,φ0.8×R0.1×8,0.65,50,F-075
MHRH230R,φ0.8×R0.1×12,0.65,50,F-075
MHRH230R,φ0.8×R0.2×2,0.65,45,F-075
MHRH230R,φ0.8×R0.2×4,0.65,45,F-075
MHRH230R,φ0.8×R0.2×6,0.65,45,F-075
MHRH230R,φ0.8×R0.2×8,0.65,50,F-075
MHRH230R,φ0.8×R0.2×12,0.65,50,F-075
MHRH230R,φ0.9×R0.1×4,0.7,45,F-075
MHRH230R,φ0.9×R0.1×8,0.7,50,F-075
MHRH430R,φ0.2×R0.02×1,0.15,45,F-078
MHRH430R,φ0.2×R0.02×1.5,0.15,45,F-078
MHRH430R,φ0.2×R0.02×2,0.15,45,F-078
MHRH430R,φ0.2×R0.05×0.5,0.15,45,F-078
MHRH430R,φ0.2×R0.05×1,0.15,45,F-078
MHRH430R,φ0.2×R0.05×1.5,0.15,45,F-078
MHRH430R,φ0.2×R0.05×2,0.15,45,F-078
MHRH430R,φ0.3×R0.02×1,0.25,45,F-078
MHRH430R,φ0.3×R0.02×1.5,0.25,45,F-078
MHRH430R,φ0.3×R0.02×2,0.25,45,F-078
MHRH430R,φ0.3×R0.02×2.5,0.25,45,F-078
MHRH430R,φ0.3×R0.02×3,0.25,45,F-078
MHRH430R,φ0.3×R0.05×1,0.25,45,F-078
MHRH430R,φ0.3×R0.05×1.5,0.25,45,F-078
MHRH430R,φ0.3×R0.05×2,0.25,45,F-078
MHRH430R,φ0.3×R0.05×2.5,0.25,45,F-078
MHRH430R,φ0.3×R0.05×3,0.25,45,F-078
MHRH430R,φ0.4×R0.02×1,0.3,45,F-078
MHRH430R,φ0.4×R0.02×1.5,0.3,45,F-078
MHRH430R,φ0.4×R0.02×2,0.3,45,F-078
MHRH430R,φ0.4×R0.02×2.5,0.3,45,F-078
MHRH430R,φ0.4×R0.02×3,0.3,45,F-078
MHRH430R,φ0.4×R0.02×4,0.3,45,F-078
MHRH430R,φ0.1×R0.01×0.3,0.08,45,F-078
MHRH430R,φ0.1×R0.01×0.5,0.08,45,F-078
MHRH430R,φ0.15×R0.01×0.3,0.12,45,F-078
MHRH430R,φ0.15×R0.01×0.5,0.12,45,F-078
MHRH430R,φ0.15×R0.01×0.75,0.12,45,F-078
MHRH430R,φ0.15×R0.01×1,0.12,45,F-078
MHRH430R,φ0.15×R0.02×0.3,0.12,45,F-078
MHRH430R,φ0.15×R0.02×0.5,0.12,45,F-078
MHRH430R,φ0.15×R0.02×0.75,0.12,45,F-078
MHRH430R,φ0.15×R0.02×1,0.12,45,F-078
MHRH430R,φ0.2×R0.02×0.5,0.15,45,F-078
MHRH430R,φ0.4×R0.05×1,0.3,45,F-079
MHRH430R,φ0.4×R0.05×1.5,0.3,45,F-079
MHRH430R,φ0.4×R0.05×2,0.3,45,F-079
MHRH430R,φ0.4×R0.05×2.5,0.3,45,F-079
MHRH430R,φ0.4×R0.05×3,0.3,45,F-079
MHRH430R,φ0.4×R0.05×4,0.3,45,F-079
MHRH430R,φ0.4×R0.1×1,0.3,45,F-079
MHRH430R,φ0.4×R0.1×2,0.3,45,F-079
MHRH430R,φ0.4×R0.1×3,0.3,45,F-079
MHRH430R,φ0.4×R0.1×4,0.3,45,F-079
MHRH430R,φ0.5×R0.02×1,0.4,45,F-079
MHRH430R,φ0.5×R0.02×2,0.4,45,F-079
MHRH430R,φ0.5×R0.02×3,0.4,45,F-079
MHRH430R,φ0.5×R0.02×4,0.4,45,F-079
MHRH430R,φ0.5×R0.02×5,0.4,45,F-079
MHRH430R,φ0.5×R0.02×6,0.4,45,F-079
MHRH430R,φ0.5×R0.05×1,0.4,45,F-079
MHRH430R,φ0.5×R0.05×2,0.4,45,F-079
MHRH430R,φ0.5×R0.05×3,0.4,45,F-079
MHRH430R,φ0.5×R0.05×4,0.4,45,F-079
MHRH430R,φ0.5×R0.05×5,0.4,45,F-079
MHRH430R,φ0.5×R0.05×6,0.4,45,F-079
MHRH430R,φ0.5×R0.1×1,0.4,45,F-079
MHRH430R,φ0.5×R0.1×2,0.4,45,F-079
MHRH430R,φ0.5×R0.1×3,0.4,45,F-079
MHRH430R,φ0.5×R0.1×4,0.4,45,F-079
MHRH430R,φ0.5×R0.1×5,0.4,45,F-079
MHRH430R,φ0.5×R0.1×6,0.4,45,F-079
MHRH430R,φ0.6×R0.02×2,0.5,45,F-079
MHRH430R,φ0.6×R0.02×4,0.5,45,F-079
MHRH430R,φ0.6×R0.02×6,0.5,45,F-079
MHRH430R,φ0.6×R0.02×8,0.5,50,F-079
MHRH430R,φ0.6×R0.02×10,0.5,50,F-079
MHRH430R,φ0.6×R0.05×2,0.5,45,F-079
MHRH430R,φ0.6×R0.05×4,0.5,45,F-079
MHRH430R,φ0.6×R0.05×6,0.5,45,F-079
MHRH430R,φ0.6×R0.05×8,0.5,50,F-079
MHRH430R,φ0.6×R0.05×10,0.5,50,F-079
MHRH430R,φ0.6×R0.1×2,0.5,45,F-079
MHRH430R,φ0.6×R0.1×4,0.5,45,F-079
MHRH430R,φ0.6×R0.1×6,0.5,45,F-079
MHRH430R,φ0.6×R0.1×8,0.5,50,F-079
MHRH430R,φ0.6×R0.1×10,0.5,50,F-079
MHRH430R,φ0.7×R0.02×2,0.55,45,F-079
MHRH430R,φ0.7×R0.02×4,0.55,45,F-079
MHRH430R,φ0.7×R0.02×6,0.55,45,F-079
MHRH430R,φ0.7×R0.05×2,0.55,45,F-079
MHRH430R,φ0.7×R0.05×4,0.55,45,F-079
MHRH430R,φ0.7×R0.05×6,0.55,45,F-079
MHRH430R,φ0.7×R0.1×2,0.55,45,F-079
MHRH430R,φ0.7×R0.1×4,0.55,45,F-079
MHRH430R,φ0.7×R0.1×6,0.55,45,F-079
MHRH430R,φ0.8×R0.02×2,0.65,45,F-079
MHRH430R,φ0.8×R0.02×4,0.65,45,F-079
MHRH430R,φ0.8×R0.02×6,0.65,45,F-079
MHRH430R,φ0.8×R0.02×8,0.65,50,F-079
MHRH430R,φ0.8×R0.05×2,0.65,45,F-080
MHRH430R,φ0.8×R0.05×4,0.65,45,F-080
MHRH430R,φ0.8×R0.05×6,0.65,45,F-080
MHRH430R,φ0.8×R0.05×8,0.65,50,F-080
MHRH430R,φ0.8×R0.05×12,0.65,50,F-080
MHRH430R,φ0.8×R0.1×2,0.65,45,F-080
MHRH430R,φ0.8×R0.1×4,0.65,45,F-080
MHRH430R,φ0.8×R0.1×6,0.65,45,F-080
MHRH430R,φ0.8×R0.1×8,0.65,50,F-080
MHRH430R,φ0.8×R0.1×12,0.65,50,F-080
MHRH430R,φ0.8×R0.2×2,0.65,45,F-080
MHRH430R,φ0.8×R0.2×4,0.65,45,F-080
MHRH430R,φ0.8×R0.2×6,0.65,45,F-080
MHRH430R,φ0.8×R0.2×8,0.65,50,F-080
MHRH430R,φ0.8×R0.2×12,0.65,50,F-080
MHRH430R,φ0.9×R0.1×4,0.7,45,F-080
MHRH430R,φ0.9×R0.1×8,0.7,50,F-080
MHRH430R,φ1×R0.02×2,0.8,50,F-080
MHRH430R,φ1×R0.02×3,0.8,50,F-080
MHRH430R,φ1×R0.02×4,0.8,50,F-080
MHRH430R,φ1×R0.02×5,0.8,50,F-080
MHRH430R,φ1×R0.02×6,0.8,50,F-080
MHRH430R,φ1×R0.02×8,0.8,50,F-080
MHRH430R,φ1×R0.02×10,0.8,50,F-080
MHRH430R,φ1×R0.05×2,0.8,50,F-080
MHRH430R,φ1×R0.05×3,0.8,50,F-080
MHRH430R,φ1×R0.05×4,0.8,50,F-080
MHRH430R,φ1×R0.05×5,0.8,50,F-080
MHRH430R,φ1×R0.05×6,0.8,50,F-080
MHRH430R,φ1×R0.05×8,0.8,50,F-080
MHRH430R,φ1×R0.05×10,0.8,50,F-080
MHRH430R,φ1×R0.1×2,0.8,50,F-080
MHRH430R,φ1×R0.1×3,0.8,50,F-080
MHRH430R,φ1×R0.1×4,0.8,50,F-080
MHRH430R,φ1×R0.1×5,0.8,50,F-080
MHRH430R,φ1×R0.1×6,0.8,50,F-080
MHRH430R,φ1×R0.1×8,0.8,50,F-080
MHRH430R,φ1×R0.1×10,0.8,50,F-080
MHRH430R,φ1×R0.2×2,0.8,50,F-080
MHRH430R,φ1×R0.2×3,0.8,50,F-080
MHRH430R,φ1×R0.2×4,0.8,50,F-080
MHRH430R,φ1×R0.2×5,0.8,50,F-080
MHRH430R,φ1×R0.2×6,0.8,50,F-080
MHRH430R,φ1×R0.2×8,0.8,50,F-080
MHRH430R,φ1×R0.2×10,0.8,50,F-080
MHRH430R,φ1×R0.3×2,0.8,50,F-080
MHRH430R,φ1×R0.3×3,0.8,50,F-080
MHRH430R,φ1×R0.3×4,0.8,50,F-080
MHRH430R,φ1×R0.3×5,0.8,50,F-080
MHRH430R,φ1×R0.3×6,0.8,50,F-080
MHRH430R,φ1×R0.3×8,0.8,50,F-080
MHRH430R,φ1×R0.3×10,0.8,50,F-080
MHRH430R,φ1.2×R0.1×5,1,50,F-080
MHRH430R,φ1.2×R0.1×10,1,50,F-080
MHRH430R,φ1.2×R0.2×5,1,50,F-080
MHRH430R,φ1.2×R0.2×10,1,50,F-080
MHRH430R,φ1.2×R0.3×5,1,50,F-080
MHRH430R,φ1.2×R0.3×10,1,50,F-080
MHRH430R,φ1.5×R0.02×3,1.2,50,F-081
MHRH430R,φ1.5×R0.02×4,1.2,50,F-081
MHRH430R,φ1.5×R0.02×6,1.2,50,F-081
MHRH430R,φ1.5×R0.02×8,1.2,50,F-081
MHRH430R,φ1.5×R0.02×12,1.2,50,F-081
MHRH430R,φ1.5×R0.02×15,1.2,50,F-081
MHRH430R,φ1.5×R0.05×3,1.2,50,F-081
MHRH430R,φ1.5×R0.05×4,1.2,50,F-081
MHRH430R,φ1.5×R0.05×6,1.2,50,F-081
MHRH430R,φ1.5×R0.05×8,1.2,50,F-081
MHRH430R,φ1.5×R0.05×12,1.2,50,F-081
MHRH430R,φ1.5×R0.05×15,1.2,50,F-081
MHRH430R,φ1.5×R0.1×3,1.2,50,F-081
MHRH430R,φ1.5×R0.1×4,1.2,50,F-081
MHRH430R,φ1.5×R0.1×6,1.2,50,F-081
MHRH430R,φ1.5×R0.1×8,1.2,50,F-081
MHRH430R,φ1.5×R0.1×12,1.2,50,F-081
MHRH430R,φ1.5×R0.1×15,1.2,60,F-081
MHRH430R,φ1.5×R0.2×3,1.2,50,F-081
MHRH430R,φ1.5×R0.2×4,1.2,50,F-081
MHRH430R,φ1.5×R0.2×6,1.2,50,F-081
MHRH430R,φ1.5×R0.2×8,1.2,50,F-081
MHRH430R,φ1.5×R0.2×12,1.2,50,F-081
MHRH430R,φ1.5×R0.2×15,1.2,60,F-081
MHRH430R,φ1.5×R0.3×3,1.2,50,F-081
MHRH430R,φ1.5×R0.3×4,1.2,50,F-081
MHRH430R,φ1.5×R0.3×6,1.2,50,F-081
MHRH430R,φ1.5×R0.3×8,1.2,50,F-081
MHRH430R,φ1.5×R0.3×12,1.2,50,F-081
MHRH430R,φ1.5×R0.3×15,1.2,60,F-081
MHRH430R,φ1.5×R0.5×3,1.2,50,F-081
MHRH430R,φ1.5×R0.5×4,1.2,50,F-081
MHRH430R,φ1.5×R0.5×6,1.2,50,F-081
MHRH430R,φ1.5×R0.5×8,1.2,50,F-081
MHRH430R,φ1.5×R0.5×12,1.2,50,F-081
MHRH430R,φ1.5×R0.5×15,1.2,60,F-081
MHRH430R,φ2×R0.02×4,1.6,50,F-081
MHRH430R,φ2×R0.02×6,1.6,50,F-081
MHRH430R,φ2×R0.02×8,1.6,50,F-081
MHRH430R,φ2×R0.02×12,1.6,50,F-081
MHRH430R,φ2×R0.02×16,1.6,60,F-081
MHRH430R,φ2×R0.02×20,1.6,60,F-081
MHRH430R,φ2×R0.05×4,1.6,50,F-081
MHRH430R,φ2×R0.05×6,1.6,50,F-081
MHRH430R,φ2×R0.05×8,1.6,50,F-081
MHRH430R,φ2×R0.05×12,1.6,50,F-081
MHRH430R,φ2×R0.05×16,1.6,60,F-081
MHRH430R,φ2×R0.05×20,1.6,60,F-081
MHRH430R,φ2×R0.1×4,1.6,50,F-081
MHRH430R,φ2×R0.1×6,1.6,50,F-081
MHRH430R,φ2×R0.1×8,1.6,50,F-081
MHRH430R,φ2×R0.1×12,1.6,50,F-081
MHRH430R,φ2×R0.1×16,1.6,60,F-081
MHRH430R,φ2×R0.1×20,1.6,60,F-081
MHRH430R,φ2×R0.2×4,1.6,50,F-081
MHRH430R,φ2×R0.2×6,1.6,50,F-081
MHRH430R,φ2×R0.2×8,1.6,50,F-081
MHRH430R,φ2×R0.2×12,1.6,50,F-081
MHRH430R,φ2×R0.2×16,1.6,60,F-081
MHRH430R,φ2×R0.2×20,1.6,60,F-081
MHRH430R,φ2×R0.3×4,1.6,50,F-081
MHRH430R,φ2×R0.3×6,1.6,50,F-081
MHRH430R,φ2×R0.3×8,1.6,50,F-081
MHRH430R,φ2×R0.3×12,1.6,50,F-081
MHRH430R,φ2×R0.3×16,1.6,60,F-081
MHRH430R,φ2×R0.3×20,1.6,60,F-081
MHRH430R,φ2×R0.5×4,1.6,50,F-081
MHRH430R,φ2×R0.5×6,1.6,50,F-081
MHRH430R,φ2×R0.5×8,1.6,50,F-081
MHRH430R,φ2×R0.5×12,1.6,50,F-081
MHRH430R,φ2×R0.5×16,1.6,60,F-081
MHRH430R,φ2×R0.5×20,1.6,60,F-081
MHRH430R,φ2.5×R0.1×10,2,50,F-082
MHRH430R,φ2.5×R0.1×20,2,60,F-082
MHRH430R,φ2.5×R0.1×30,2,70,F-082
MHRH430R,φ2.5×R0.2×10,2,50,F-082
MHRH430R,φ2.5×R0.2×20,2,60,F-082
MHRH430R,φ2.5×R0.2×30,2,70,F-082
MHRH430R,φ2.5×R0.3×10,2,50,F-082
MHRH430R,φ2.5×R0.3×20,2,60,F-082
MHRH430R,φ2.5×R0.3×30,2,70,F-082
MHRH430R,φ2.5×R0.5×10,2,50,F-082
MHRH430R,φ2.5×R0.5×20,2,60,F-082
MHRH430R,φ2.5×R0.5×30,2,70,F-082
MHRH430R,φ3×R0.05×4,2.5,50,F-082
MHRH430R,φ3×R0.05×6,2.5,50,F-082
MHRH430R,φ3×R0.05×8,2.5,50,F-082
MHRH430R,φ3×R0.05×12,2.5,50,F-082
MHRH430R,φ3×R0.05×16,2.5,60,F-082
MHRH430R,φ3×R0.05×20,2.5,60,F-082
MHRH430R,φ3×R0.1×4,2.5,50,F-082
MHRH430R,φ3×R0.1×6,2.5,50,F-082
MHRH430R,φ3×R0.1×8,2.5,50,F-082
MHRH430R,φ3×R0.1×12,2.5,50,F-082
MHRH430R,φ3×R0.1×16,2.5,60,F-082
MHRH430R,φ3×R0.1×20,2.5,60,F-082
MHRH430R,φ3×R0.1×25,2.5,70,F-082
MHRH430R,φ3×R0.1×30,2.5,70,F-082
MHRH430R,φ3×R0.2×4,2.5,50,F-082
MHRH430R,φ3×R0.2×6,2.5,50,F-082
MHRH430R,φ3×R0.2×8,2.5,50,F-082
MHRH430R,φ3×R0.2×12,2.5,50,F-082
MHRH430R,φ3×R0.2×16,2.5,60,F-082
MHRH430R,φ3×R0.2×20,2.5,60,F-082
MHRH430R,φ3×R0.2×25,2.5,70,F-082
MHRH430R,φ3×R0.2×30,2.5,70,F-082
MHRH430R,φ3×R0.3×4,2.5,50,F-082
MHRH430R,φ3×R0.3×6,2.5,50,F-082
MHRH430R,φ3×R0.3×8,2.5,50,F-082
MHRH430R,φ3×R0.3×12,2.5,50,F-082
MHRH430R,φ3×R0.3×16,2.5,60,F-082
MHRH430R,φ3×R0.3×20,2.5,60,F-082
MHRH430R,φ3×R0.3×25,2.5,70,F-082
MHRH430R,φ3×R0.3×30,2.5,70,F-082
MHRH430R,φ3×R0.5×4,2.5,50,F-082
MHRH430R,φ3×R0.5×6,2.5,50,F-082
MHRH430R,φ3×R0.5×8,2.5,50,F-082
MHRH430R,φ3×R0.5×12,2.5,50,F-082
MHRH430R,φ3×R0.5×16,2.5,60,F-082
MHRH430R,φ3×R0.5×20,2.5,60,F-082
MHRH430R,φ3×R0.5×25,2.5,70,F-082
MHRH430R,φ3×R0.5×30,2.5,70,F-082
MHRH430R,φ3×R1×8,2.5,50,F-082
MHRH430R,φ3×R1×12,2.5,50,F-082
MHRH430R,φ3×R1×16,2.5,60,F-082
MHRH430R,φ3×R1×20,2.5,60,F-082
MHRH430R,φ3×R1×25,2.5,70,F-082
MHRH430R,φ3×R1×30,2.5,70,F-082
MHRH430R,φ4×R0.1×8,3.2,60,F-083
MHRH430R,φ4×R0.1×12,3.2,60,F-083
MHRH430R,φ4×R0.1×16,3.2,60,F-083
MHRH430R,φ4×R0.1×24,3.2,70,F-083
MHRH430R,φ4×R0.1×32,3.2,70,F-083
MHRH430R,φ4×R0.2×8,3.2,60,F-083
MHRH430R,φ4×R0.2×12,3.2,60,F-083
MHRH430R,φ4×R0.2×16,3.2,60,F-083
MHRH430R,φ4×R0.2×24,3.2,70,F-083
MHRH430R,φ4×R0.2×32,3.2,70,F-083
MHRH430R,φ4×R0.3×8,3.2,60,F-083
MHRH430R,φ4×R0.3×12,3.2,60,F-083
MHRH430R,φ4×R0.3×16,3.2,60,F-083
MHRH430R,φ4×R0.3×24,3.2,70,F-083
MHRH430R,φ4×R0.3×32,3.2,70,F-083
MHRH430R,φ4×R0.5×8,3.2,60,F-083
MHRH430R,φ4×R0.5×12,3.2,60,F-083
MHRH430R,φ4×R0.5×16,3.2,60,F-083
MHRH430R,φ4×R0.5×24,3.2,70,F-083
MHRH430R,φ4×R0.5×32,3.2,70,F-083
MHRH430R,φ4×R1×8,3.2,60,F-083
MHRH430R,φ4×R1×12,3.2,60,F-083
MHRH430R,φ4×R1×16,3.2,60,F-083
MHRH430R,φ4×R1×24,3.2,70,F-083
MHRH430R,φ4×R1×32,3.2,70,F-083
MHRH430R,φ5×R0.1×15,4,70,F-083
MHRH430R,φ5×R0.1×20,4,70,F-083
MHRH430R,φ5×R0.1×40,4,90,F-083
MHRH430R,φ5×R0.2×15,4,70,F-083
MHRH430R,φ5×R0.2×20,4,70,F-083
MHRH430R,φ5×R0.2×40,4,90,F-083
MHRH430R,φ5×R0.3×15,4,70,F-083
MHRH430R,φ5×R0.3×20,4,70,F-083
MHRH430R,φ5×R0.3×40,4,90,F-083
MHRH430R,φ5×R0.5×15,4,70,F-083
MHRH430R,φ5×R0.5×20,4,70,F-083
MHRH430R,φ5×R0.5×40,4,90,F-083
MHRH430R,φ5×R1×15,4,70,F-083
MHRH430R,φ5×R1×20,4,70,F-083
MHRH430R,φ5×R1×40,4,90,F-083
MHRH430R,φ6×R0.1×12,5,70,F-083
MHRH430R,φ6×R0.1×18,5,90,F-083
MHRH430R,φ6×R0.1×24,5,90,F-083
MHRH430R,φ6×R0.1×48,5,110,F-083
MHRH430R,φ6×R0.2×12,5,70,F-083
MHRH430R,φ6×R0.2×18,5,90,F-083
MHRH430R,φ6×R0.2×24,5,90,F-083
MHRH430R,φ6×R0.2×48,5,110,F-083
MHRH430R,φ6×R0.3×12,5,70,F-083
MHRH430R,φ6×R0.3×18,5,90,F-083
MHRH430R,φ6×R0.3×24,5,90,F-083
MHRH430R,φ6×R0.3×48,5,110,F-083
MHRH430R,φ6×R0.5×12,5,70,F-083
MHRH430R,φ6×R0.5×18,5,90,F-083
MHRH430R,φ6×R0.5×24,5,90,F-083
MHRH430R,φ6×R0.5×48,5,110,F-083
MHRH430R,φ6×R1×12,5,70,F-083
MHRH430R,φ6×R1×18,5,90,F-083
MHRH430R,φ6×R1×24,5,90,F-083
MHRH430R,φ6×R1×48,5,110,F-083
MHRSH430RSF,φ0.2×R0.02×0.75,0.15,35,E-018
MHRSH430RSF,φ0.2×R0.02×1,0.15,35,E-018
MHRSH430RSF,φ0.2×R0.05×0.3,0.15,35,E-018
MHRSH430RSF,φ0.2×R0.05×0.5,0.15,35,E-018
MHRSH430RSF,φ0.2×R0.05×0.75,0.15,35,E-018
MHRSH430RSF,φ0.2×R0.05×1,0.15,35,E-018
MHRSH430RSF,φ0.3×R0.02×0.5,0.25,35,E-018
MHRSH430RSF,φ0.3×R0.02×0.75,0.25,35,E-018
MHRSH430RSF,φ0.3×R0.02×1,0.25,35,E-018
MHRSH430RSF,φ0.3×R0.02×1.5,0.25,35,E-018
MHRSH430RSF,φ0.3×R0.05×0.5,0.25,35,E-018
MHRSH430RSF,φ0.3×R0.05×0.75,0.25,35,E-018
MHRSH430RSF,φ0.3×R0.05×1,0.25,35,E-018
MHRSH430RSF,φ0.3×R0.05×1.5,0.25,35,E-018
MHRSH430RSF,φ0.4×R0.02×0.5,0.3,35,E-019
MHRSH430RSF,φ0.4×R0.02×1,0.3,35,E-019
MHRSH430RSF,φ0.4×R0.02×1.5,0.3,35,E-019
MHRSH430RSF,φ0.4×R0.02×2,0.3,35,E-019
MHRSH430RSF,φ0.4×R0.05×0.5,0.3,35,E-019
MHRSH430RSF,φ0.1×R0.01×0.2,0.08,35,E-018
MHRSH430RSF,φ0.1×R0.01×0.3,0.08,35,E-018
MHRSH430RSF,φ0.15×R0.01×0.3,0.12,35,E-018
MHRSH430RSF,φ0.15×R0.01×0.5,0.12,35,E-018
MHRSH430RSF,φ0.15×R0.02×0.3,0.12,35,E-018
MHRSH430RSF,φ0.15×R0.02×0.5,0.12,35,E-018
MHRSH430RSF,φ0.2×R0.02×0.3,0.15,35,E-018
MHRSH430RSF,φ0.2×R0.02×0.5,0.15,35,E-018
MHRSH430RSF,φ0.4×R0.05×1,0.3,35,E-019
MHRSH430RSF,φ0.4×R0.05×1.5,0.3,35,E-019
MHRSH430RSF,φ0.4×R0.05×2,0.3,35,E-019
MHRSH430RSF,φ0.5×R0.02×1,0.4,35,E-019
MHRSH430RSF,φ0.5×R0.02×1.5,0.4,35,E-019
MHRSH430RSF,φ0.5×R0.02×2,0.4,35,E-019
MHRSH430RSF,φ0.5×R0.02×2.5,0.4,35,E-019
MHRSH430RSF,φ0.5×R0.05×1,0.4,35,E-019
MHRSH430RSF,φ0.5×R0.05×1.5,0.4,35,E-019
MHRSH430RSF,φ0.5×R0.05×2,0.4,35,E-019
MHRSH430RSF,φ0.5×R0.05×2.5,0.4,35,E-019
MHRSH430RSF,φ0.5×R0.1×1,0.4,35,E-019
MHRSH430RSF,φ0.5×R0.1×1.5,0.4,35,E-019
MHRSH430RSF,φ0.5×R0.1×2,0.4,35,E-019
MHRSH430RSF,φ0.5×R0.1×2.5,0.4,35,E-019
MHRSH430RSF,φ0.6×R0.02×1,0.5,35,E-019
MHRSH430RSF,φ0.6×R0.02×2,0.5,35,E-019
MHRSH430RSF,φ0.6×R0.02×3,0.5,35,E-019
MHRSH430RSF,φ0.6×R0.05×1,0.5,35,E-019
MHRSH430RSF,φ0.6×R0.05×2,0.5,35,E-019
MHRSH430RSF,φ0.6×R0.05×3,0.5,35,E-019
MHRSH430RSF,φ0.6×R0.1×1,0.5,35,E-019
MHRSH430RSF,φ0.6×R0.1×2,0.5,35,E-019
MHRSH430RSF,φ0.6×R0.1×3,0.5,35,E-019
MHRSH430RSF,φ0.8×R0.02×2,0.65,35,E-019
MHRSH430RSF,φ0.8×R0.02×3,0.65,35,E-019
MHRSH430RSF,φ0.8×R0.02×4,0.65,35,E-019
MHRSH430RSF,φ0.8×R0.05×2,0.65,35,E-019
MHRSH430RSF,φ0.8×R0.05×3,0.65,35,E-019
MHRSH430RSF,φ0.8×R0.05×4,0.65,35,E-019
MHRSH430RSF,φ0.8×R0.1×2,0.65,35,E-019
MHRSH430RSF,φ0.8×R0.1×3,0.65,35,E-019
MHRSH430RSF,φ0.8×R0.1×4,0.65,35,E-019
MHRSH430RSF,φ0.8×R0.2×2,0.65,35,E-019
MHRSH430RSF,φ0.8×R0.2×3,0.65,35,E-019
MHRSH430RSF,φ0.8×R0.2×4,0.65,35,E-019
MHRSH430RSF,φ1×R0.02×2,0.8,35,E-019
MHRSH430RSF,φ1×R0.02×3,0.8,35,E-019
MHRSH430RSF,φ1×R0.02×4,0.8,35,E-019
MHRSH430RSF,φ1×R0.02×5,0.8,40,E-019
MHRSH430RSF,φ1×R0.05×2,0.8,35,E-019
MHRSH430RSF,φ1×R0.05×3,0.8,35,E-019
MHRSH430RSF,φ1×R0.05×4,0.8,35,E-019
MHRSH430RSF,φ1×R0.05×5,0.8,40,E-019
MHRSH430RSF,φ1×R0.1×2,0.8,35,E-019
MHRSH430RSF,φ1×R0.1×3,0.8,35,E-019
MHRSH430RSF,φ1×R0.1×4,0.8,35,E-019
MHRSH430RSF,φ1×R0.1×5,0.8,40,E-019
MHRSH430RSF,φ1×R0.2×2,0.8,35,E-020
MHRSH430RSF,φ1×R0.2×3,0.8,35,E-020
MHRSH430RSF,φ1×R0.2×4,0.8,35,E-020
MHRSH430RSF,φ1×R0.2×5,0.8,40,E-020
MHRSH430RSF,φ1×R0.3×2,0.8,35,E-020
MHRSH430RSF,φ1×R0.3×3,0.8,35,E-020
MHRSH430RSF,φ1×R0.3×4,0.8,35,E-020
MHRSH430RSF,φ1×R0.3×5,0.8,40,E-020
MHRSH430RSF,φ1.5×R0.02×3,1.2,35,E-020
MHRSH430RSF,φ1.5×R0.02×4,1.2,35,E-020
MHRSH430RSF,φ1.5×R0.02×6,1.2,40,E-020
MHRSH430RSF,φ1.5×R0.02×8,1.2,40,E-020
MHRSH430RSF,φ1.5×R0.05×3,1.2,35,E-020
MHRSH430RSF,φ1.5×R0.05×4,1.2,35,E-020
MHRSH430RSF,φ1.5×R0.05×6,1.2,40,E-020
MHRSH430RSF,φ1.5×R0.05×8,1.2,40,E-020
MHRSH430RSF,φ1.5×R0.1×3,1.2,35,E-020
MHRSH430RSF,φ1.5×R0.1×4,1.2,35,E-020
MHRSH430RSF,φ1.5×R0.1×6,1.2,40,E-020
MHRSH430RSF,φ1.5×R0.1×8,1.2,40,E-020
MHRSH430RSF,φ1.5×R0.2×3,1.2,35,E-020
MHRSH430RSF,φ1.5×R0.2×4,1.2,35,E-020
MHRSH430RSF,φ1.5×R0.2×6,1.2,40,E-020
MHRSH430RSF,φ1.5×R0.2×8,1.2,40,E-020
MHRSH430RSF,φ1.5×R0.3×3,1.2,35,E-020
MHRSH430RSF,φ1.5×R0.3×4,1.2,35,E-020
MHRSH430RSF,φ1.5×R0.3×6,1.2,40,E-020
MHRSH430RSF,φ1.5×R0.3×8,1.2,40,E-020
MHRSH430RSF,φ1.5×R0.5×3,1.2,35,E-020
MHRSH430RSF,φ1.5×R0.5×4,1.2,35,E-020
MHRSH430RSF,φ1.5×R0.5×6,1.2,40,E-020
MHRSH430RSF,φ1.5×R0.5×8,1.2,40,E-020
MHRSH430RSF,φ2×R0.02×4,1.6,35,E-020
MHRSH430RSF,φ2×R0.02×6,1.6,35,E-020
MHRSH430RSF,φ2×R0.02×8,1.6,40,E-020
MHRSH430RSF,φ2×R0.02×10,1.6,40,E-020
MHRSH430RSF,φ2×R0.05×4,1.6,35,E-020
MHRSH430RSF,φ2×R0.05×6,1.6,35,E-020
MHRSH430RSF,φ2×R0.05×8,1.6,40,E-020
MHRSH430RSF,φ2×R0.05×10,1.6,40,E-020
MHRSH430RSF,φ2×R0.1×4,1.6,35,E-020
MHRSH430RSF,φ2×R0.1×6,1.6,35,E-020
MHRSH430RSF,φ2×R0.1×8,1.6,40,E-020
MHRSH430RSF,φ2×R0.1×10,1.6,40,E-020
MHRSH430RSF,φ2×R0.2×4,1.6,35,E-020
MHRSH430RSF,φ2×R0.2×6,1.6,35,E-020
MHRSH430RSF,φ2×R0.2×8,1.6,40,E-020
MHRSH430RSF,φ2×R0.2×10,1.6,40,E-020
MHRSH430RSF,φ2×R0.3×4,1.6,35,E-020
MHRSH430RSF,φ2×R0.3×6,1.6,35,E-020
MHRSH430RSF,φ2×R0.3×8,1.6,40,E-020
MHRSH430RSF,φ2×R0.3×10,1.6,40,E-020
MHRSH430RSF,φ2×R0.5×4,1.6,35,E-020
MHRSH430RSF,φ2×R0.5×6,1.6,35,E-020
MHRSH430RSF,φ2×R0.5×8,1.6,40,E-020
MHRSH430RSF,φ2×R0.5×10,1.6,40,E-020
MSRS230,φ1×R0.1,2,60,G-080
MSRS230,φ1×R0.2,2,60,G-080
MSRS230,φ1×R0.3,2,60,G-080
MSRS230,φ1.5×R0.1,3,60,G-080
MSRS230,φ1.5×R0.2,3,60,G-080
MSRS230,φ1.5×R0.3,3,60,G-080
MSRS230,φ1.5×R0.5,3,60,G-080
MSRS230,φ2×R0.1,4,60,G-080
MSRS230,φ2×R0.2,4,60,G-080
MSRS230,φ2×R0.3,4,60,G-080
MSRS230,φ2×R0.5,4,60,G-080
MSRS230,φ2.5×R0.1,5,60,G-080
MSRS230,φ2.5×R0.2,5,60,G-080
MSRS230,φ2.5×R0.3,5,60,G-080
MSRS230,φ2.5×R0.5,5,60,G-080
MSRS230,φ3×R0.1,6,60,G-080
MSRS230,φ3×R0.2,6,60,G-080
MSRS230,φ3×R0.3,6,60,G-080
MSRS230,φ3×R0.5,6,60,G-080
MSRS230,φ3×R1,6,60,G-080
MSRS230,φ4×R0.1,8,65,G-080
MSRS230,φ4×R0.2,8,65,G-080
MSRS230,φ4×R0.3,8,65,G-080
MSRS230,φ4×R0.5,8,65,G-080
MSRS230,φ4×R1,8,65,G-080
MSRS230,φ5×R0.1,10,70,G-080
MSRS230,φ5×R0.2,10,70,G-080
MSRS230,φ5×R0.3,10,70,G-080
MSRS230,φ5×R0.5,10,70,G-080
MSRS230,φ5×R1,10,70,G-080
MSRS230,φ5×R1.5,10,70,G-080
MSRS230,φ6×R0.1,12,80,G-080
MSRS230,φ6×R0.2,12,80,G-080
MSRS230,φ6×R0.3,12,80,G-080
MSRS230,φ6×R0.5,12,80,G-080
MSRS230,φ6×R1,12,80,G-080
MSRS230,φ6×R1.5,12,80,G-080
MSRS230,φ6×R2,12,80,G-080
MSRS430,φ1×R0.1,2,60,G-082
MSRS430,φ1×R0.2,2,60,G-082
MSRS430,φ1×R0.3,2,60,G-082
MSRS430,φ1.5×R0.1,3,60,G-082
MSRS430,φ1.5×R0.2,3,60,G-082
MSRS430,φ1.5×R0.3,3,60,G-082
MSRS430,φ1.5×R0.5,3,60,G-082
MSRS430,φ2×R0.1,4,60,G-082
MSRS430,φ2×R0.2,4,60,G-082
MSRS430,φ2×R0.3,4,60,G-082
MSRS430,φ2×R0.5,4,60,G-082
MSRS430,φ2.5×R0.1,5,60,G-082
MSRS430,φ2.5×R0.2,5,60,G-082
MSRS430,φ2.5×R0.3,5,60,G-082
MSRS430,φ2.5×R0.5,5,60,G-082
MSRS430,φ3×R0.1,6,60,G-082
MSRS430,φ3×R0.2,6,60,G-082
MSRS430,φ3×R0.3,6,60,G-082
MSRS430,φ3×R0.5,6,60,G-082
MSRS430,φ3×R1,6,60,G-082
MSRS430,φ4×R0.1,8,65,G-082
MSRS430,φ4×R0.2,8,65,G-082
MSRS430,φ4×R0.3,8,65,G-082
MSRS430,φ4×R0.5,8,65,G-082
MSRS430,φ4×R1,8,65,G-082
MSRS430,φ5×R0.1,10,70,G-082
MSRS430,φ5×R0.2,10,70,G-082
MSRS430,φ5×R0.3,10,70,G-082
MSRS430,φ5×R0.5,10,70,G-082
MSRS430,φ5×R1,10,70,G-082
MSRS430,φ5×R1.5,10,70,G-082
MSRS430,φ6×R0.1,12,80,G-082
MSRS430,φ6×R0.2,12,80,G-082
MSRS430,φ6×R0.3,12,80,G-082
MSRS430,φ6×R0.5,12,80,G-082
MSRS430,φ6×R1,12,80,G-082
MSRS430,φ6×R1.5,12,80,G-082
MSRS430,φ6×R2,12,80,G-082
MSRS430,φ8×R0.1,16,90,G-082
MSRS430,φ8×R0.2,16,90,G-082
MSRS430,φ8×R0.5,16,90,G-082
MSRS430,φ8×R1,16,90,G-082
MSRS430,φ8×R1.5,16,90,G-082
MSRS430,φ8×R2,16,90,G-082
MSRS430,φ8×R2.5,16,90,G-082
MSRS430,φ8×R3,16,90,G-082
MSRS430,φ10×R0.1,20,100,G-082
MSRS430,φ10×R0.2,20,100,G-082
MSRS430,φ10×R0.3,20,100,G-082
MSRS430,φ10×R0.5,20,100,G-082
MSRS430,φ10×R1,20,100,G-082
MSRS430,φ10×R1.5,20,100,G-082
MSRS430,φ10×R2,20,100,G-082
MSRS430,φ10×R2.5,20,100,G-082
MSRS430,φ10×R3,20,100,G-082
MSRS430,φ12×R0.1,24,110,G-082
MSRS430,φ12×R0.2,24,110,G-082
MSRS430,φ12×R0.3,24,110,G-082
MSRS430,φ12×R0.5,24,110,G-082
MSRS430,φ12×R1,24,110,G-082
MSRS430,φ12×R1.5,24,110,G-082
MSRS430,φ12×R2,24,110,G-082
MSRS430,φ12×R2.5,24,110,G-082
MSRS430,φ12×R3,24,110,G-082
MSTNR230,φ0.2×R0.05×1,0.15,50,G-158
MSTNR230,φ0.2×R0.05×2,0.15,50,G-158
MSTNR230,φ0.3×R0.05×2,0.25,50,G-158
MSTNR230,φ0.3×R0.05×3,0.25,50,G-158
MSTNR230,φ0.4×R0.05×3,0.3,50,G-158
MSTNR230,φ0.4×R0.05×4,0.3,50,G-158
MSTNR230,φ0.4×R0.1×3,0.3,50,G-158
MSTNR230,φ0.4×R0.1×4,0.3,50,G-158
MSTNR230,φ0.5×R0.05×3,0.4,50,"G-158,G-159"
MSTNR230,φ0.5×R0.05×5,0.4,50,"G-158,G-159"
MSTNR230,φ0.5×R0.05×8,0.4,50,"G-158,G-159"
MSTNR230,φ0.5×R0.05×10,0.4,50,"G-158,G-159"
MSTNR230,φ0.5×R0.05×12,0.4,50,"G-158,G-159"
MSTNR230,φ0.5×R0.1×3,0.4,50,G-159
MSTNR230,φ0.5×R0.1×5,0.4,50,G-159
MSTNR230,φ0.5×R0.1×8,0.4,50,G-159
MSTNR230,φ0.5×R0.1×10,0.4,50,G-159
MSTNR230,φ0.5×R0.1×12,0.4,50,G-159
MSTNR230,φ0.8×R0.05×5,0.65,50,G-159
MSTNR230,φ0.8×R0.05×8,0.65,50,G-159
MSTNR230,φ0.8×R0.1×5,0.65,50,G-159
MSTNR230,φ0.8×R0.1×8,0.65,50,G-159
MSTNR230,φ0.8×R0.2×5,0.65,50,G-159
MSTNR230,φ0.8×R0.2×8,0.65,50,G-159
MSTNR230,φ1×R0.05×6,0.8,50,"G-159,G-160"
MSTNR230,φ1×R0.05×10,0.8,60,"G-159,G-160"
MSTNR230,φ1×R0.05×15,0.8,60,G-159
MSTNR230,φ1×R0.05×20,0.8,60,G-159
MSTNR230,φ1×R0.05×25,0.8,70,G-160
MSTNR230,φ1×R0.05×30,0.8,80,G-160
MSTNR230,φ1×R0.05×35,0.8,80,G-160
MSTNR230,φ1×R0.1×6,0.8,50,G-160
MSTNR230,φ1×R0.1×10,0.8,60,G-160
MSTNR230,φ1×R0.1×15,0.8,60,G-160
MSTNR230,φ1×R0.1×20,0.8,60,G-160
MSTNR230,φ1×R0.1×25,0.8,70,G-160
MSTNR230,φ1×R0.1×30,0.8,80,G-160
MSTNR230,φ1×R0.1×35,0.8,80,G-160
MSTNR230,φ1×R0.2×6,0.8,50,G-160
MSTNR230,φ1×R0.2×10,0.8,60,G-160
MSTNR230,φ1×R0.2×15,0.8,60,G-160
MSTNR230,φ1×R0.2×20,0.8,60,G-160
MSTNR230,φ1×R0.2×25,0.8,70,G-160
MSTNR230,φ1×R0.2×30,0.8,80,G-160
MSTNR230,φ1×R0.2×35,0.8,80,G-160
MSTNR230,φ1×R0.3×6,0.8,50,G-160
MSTNR230,φ1×R0.3×10,0.8,60,G-160
MSTNR230,φ1×R0.3×15,0.8,60,G-160
MSTNR230,φ1×R0.3×20,0.8,60,G-160
MSTNR230,φ1×R0.3×25,0.8,70,G-160
MSTNR230,φ1×R0.3×30,0.8,80,G-160
MSTNR230,φ1×R0.3×35,0.8,80,G-160
MSTNR230,φ1.5×R0.1×10,1.2,60,G-160
MSTNR230,φ1.5×R0.1×15,1.2,60,G-160
MSTNR230,φ1.5×R0.1×20,1.2,60,G-160
MSTNR230,φ1.5×R0.1×25,1.2,70,G-160
MSTNR230,φ1.5×R0.1×30,1.2,80,G-160
MSTNR230,φ1.5×R0.2×10,1.2,60,G-161
MSTNR230,φ1.5×R0.2×15,1.2,60,G-161
MSTNR230,φ1.5×R0.2×20,1.2,60,G-161
MSTNR230,φ1.5×R0.2×25,1.2,70,G-161
MSTNR230,φ1.5×R0.2×30,1.2,80,G-161
MSTNR230,φ1.5×R0.3×10,1.2,60,G-161
MSTNR230,φ1.5×R0.3×15,1.2,60,G-161
MSTNR230,φ1.5×R0.3×20,1.2,60,G-161
MSTNR230,φ1.5×R0.3×25,1.2,70,G-161
MSTNR230,φ1.5×R0.3×30,1.2,80,G-161
MSTNR230,φ2×R0.1×15,1.6,60,G-161
MSTNR230,φ2×R0.1×20,1.6,60,G-161
MSTNR230,φ2×R0.1×25,1.6,70,G-161
MSTNR230,φ2×R0.1×30,1.6,80,G-161
MSTNR230,φ2×R0.1×40,1.6,80,G-161
MSTNR230,φ2×R0.1×50,1.6,100,G-161
MSTNR230,φ2×R0.2×15,1.6,60,G-161
MSTNR230,φ2×R0.2×20,1.6,60,G-161
MSTNR230,φ2×R0.2×25,1.6,70,G-161
MSTNR230,φ2×R0.2×30,1.6,80,G-161
MSTNR230,φ2×R0.2×40,1.6,80,G-161
MSTNR230,φ2×R0.2×50,1.6,100,G-161
MSTNR230,φ2×R0.3×15,1.6,60,G-161
MSTNR230,φ2×R0.3×20,1.6,60,G-161
MSTNR230,φ2×R0.3×25,1.6,70,G-161
MSTNR230,φ2×R0.3×30,1.6,80,G-161
MSTNR230,φ2×R0.3×40,1.6,80,G-161
MSTNR230,φ2×R0.3×50,1.6,100,G-161
MSTNR230,φ2×R0.5×15,1.6,60,G-162
MSTNR230,φ2×R0.5×20,1.6,60,G-162
MSTNR230,φ2×R0.5×25,1.6,70,G-162
MSTNR230,φ2×R0.5×30,1.6,80,G-162
MSTNR230,φ2×R0.5×40,1.6,80,G-162
MSTNR230,φ2×R0.5×50,1.6,100,G-162
MSTNR230,φ3×R0.2×15,2.5,60,G-162
MSTNR230,φ3×R0.2×20,2.5,60,G-162
MSTNR230,φ3×R0.2×30,2.5,80,G-162
MSTNR230,φ3×R0.2×40,2.5,80,G-162
MSTNR230,φ3×R0.2×50,2.5,100,G-162
MSTNR230,φ3×R0.2×60,2.5,110,G-162
MSTNR230,φ3×R0.5×15,2.5,60,G-162
MSTNR230,φ3×R0.5×20,2.5,60,G-162
MSTNR230,φ3×R0.5×30,2.5,80,G-162
MSTNR230,φ3×R0.5×40,2.5,80,G-162
MSTNR230,φ3×R0.5×50,2.5,100,G-162
MSTNR230,φ3×R0.5×60,2.5,110,G-162
MSXH440R,φ3×R0.3,8,60,I-026
MSXH440R,φ3×R0.5,8,60,I-026
MSXH440R,φ4×R0.3,11,60,I-026
MSXH440R,φ4×R0.5,11,60,I-026
MSXH440R,φ4×R1,11,60,I-026
MSXH440R,φ5×R0.3,13,60,I-026
MSXH440R,φ5×R0.5,13,60,I-026
MSXH440R,φ5×R1,13,60,I-026
MSXH440R,φ6×R0.5,13,60,I-026
MSXH440R,φ6×R1,13,60,I-026
MSXH440R,φ8×R0.5,19,65,I-026
MSXH440R,φ8×R1,19,65,I-026
MSXH440R,φ10×R0.5,22,75,I-026
MSXH440R,φ10×R1,22,75,I-026
MSXH440R,φ10×R2,22,75,I-026
MSXH440R,φ10×R3,22,75,I-026
MSXH440R,φ12×R0.5,26,80,I-026
MSXH440R,φ12×R1,26,80,I-026
MSXH440R,φ12×R2,26,80,I-026
NSR-2,φ1×R0.2,3,45,R-070
NSR-2,φ1.5×R0.2,4.5,45,R-070
NSR-2,φ1.5×R0.5,4.5,45,R-070
NSR-2,φ2×R0.2,6,45,R-070
NSR-2,φ2×R0.5,6,45,R-070
NSR-2,φ2.5×R0.2,8,45,R-070
NSR-2,φ2.5×R0.5,8,45,R-070
NSR-2,φ3×R0.2,10,45,R-070
NSR-2,φ3×R0.5,10,45,R-070
NSR-2,φ3×R1,10,45,R-070
NSR-2,φ4×R0.2,12,50,R-070
NSR-2,φ4×R0.5,12,50,R-070
NSR-2,φ4×R1,12,50,R-070
NSR-2,φ5×R0.2,15,55,R-070
NSR-2,φ5×R0.5,15,55,R-070
NSR-2,φ5×R1,15,55,R-070
NSR-2,φ5×R1.5,15,55,R-070
NSR-2,φ6×R0.2,18,60,R-070
NSR-2,φ6×R0.5,18,60,R-070
NSR-2,φ6×R1,18,60,R-070
NSR-2,φ6×R1.5,18,60,R-070
NSR-2,φ6×R2,18,60,R-070
NSR-2,φ8×R0.5,24,70,R-070
NSR-2,φ8×R1,24,70,R-070
NSR-2,φ8×R1.5,24,70,R-070
NSR-2,φ8×R2,24,70,R-070
NSR-2,φ8×R2.5,24,70,R-070
NSR-2,φ8×R3,24,70,R-070
NSR-2,φ10×R0.5,30,80,R-070
NSR-2,φ10×R1,30,80,R-070
NSR-2,φ10×R1.5,30,80,R-070
NSR-2,φ10×R2,30,80,R-070
NSR-2,φ10×R2.5,30,80,R-070
NSR-2,φ10×R3,30,80,R-070
NSR-2,φ12×R0.5,36,85,R-070
NSR-2,φ12×R1,36,85,R-070
NSR-2,φ12×R1.5,36,85,R-070
NSR-2,φ12×R2,36,85,R-070
NSR-2,φ12×R2.5,36,85,R-070
NSR-2,φ12×R3,36,85,R-070
NSR-2,φ16×R1,50,110,R-070
NSR-2,φ16×R1.5,50,110,R-070
NSR-2,φ16×R2,50,110,R-070
NSR-2,φ16×R2.5,50,110,R-070
NSR-2,φ16×R3,50,110,R-070
NSR-2,φ16×R4,50,110,R-070
NSR-2,φ16×R5,50,110,R-070
NSR-2,φ20×R1,60,135,R-070
NSR-2,φ20×R1.5,60,135,R-070
NSR-2,φ20×R2,60,135,R-070
NSR-2,φ20×R2.5,60,135,R-070
NSR-2,φ20×R3,60,135,R-070
NSR-2,φ20×R4,60,135,R-070
NSR-2,φ20×R5,60,135,R-070
PCDRS,φ0.3×R0.05×0.3,0.09,48,C-010
PCDRS,φ0.4×R0.05×0.4,0.12,48,C-010
PCDRS,φ0.5×R0.05×0.5,0.15,48,C-010
PCDRS,φ0.5×R0.1×0.5,0.15,48,C-010
PCDRS,φ0.6×R0.05×0.6,0.18,48,C-010
PCDRS,φ0.6×R0.1×0.6,0.18,48,C-010
PCDRS,φ0.8×R0.05×0.8,0.24,48,C-010
PCDRS,φ0.8×R0.1×0.8,0.24,48,C-010
PCDRS,φ1×R0.05×1,0.3,48,C-010
PCDRS,φ1×R0.1×1,0.3,48,C-010
SHPR400,φ0.2×R0.02×1,0.08,50,B-036
SHPR400,φ0.2×R0.03×0.3,0.08,50,B-036
SHPR400,φ0.2×R0.03×0.5,0.08,50,B-036
SHPR400,φ0.2×R0.03×1,0.08,50,B-036
SHPR400,φ0.3×R0.02×0.5,0.13,50,B-036
SHPR400,φ0.3×R0.02×0.75,0.13,50,B-036
SHPR400,φ0.3×R0.02×1,0.13,50,B-036
SHPR400,φ0.3×R0.02×1.5,0.13,50,B-036
SHPR400,φ0.3×R0.02×2,0.13,50,B-036
SHPR400,φ0.3×R0.05×0.5,0.13,50,B-037
SHPR400,φ0.3×R0.05×0.75,0.13,50,B-037
SHPR400,φ0.3×R0.05×1,0.13,50,B-037
SHPR400,φ0.3×R0.05×1.5,0.13,50,B-037
SHPR400,φ0.3×R0.05×2,0.13,50,B-037
SHPR400,φ0.4×R0.02×0.5,0.24,50,B-037
SHPR400,φ0.4×R0.02×1,0.24,50,B-037
SHPR400,φ0.4×R0.02×1.5,0.24,50,B-037
SHPR400,φ0.4×R0.02×2,0.24,50,B-037
SHPR400,φ0.4×R0.02×2.5,0.24,50,B-037
SHPR400,φ0.4×R0.05×0.5,0.24,50,B-037
SHPR400,φ0.1×R0.01×0.2,0.04,50,B-036
SHPR400,φ0.1×R0.01×0.3,0.04,50,B-036
SHPR400,φ0.1×R0.01×0.5,0.04,50,B-036
SHPR400,φ0.1×R0.02×0.2,0.04,50,B-036
SHPR400,φ0.1×R0.02×0.3,0.04,50,B-036
SHPR400,φ0.1×R0.02×0.5,0.04,50,B-036
SHPR400,φ0.15×R0.02×0.2,0.06,50,B-036
SHPR400,φ0.15×R0.02×0.3,0.06,50,B-036
SHPR400,φ0.15×R0.02×0.5,0.06,50,B-036
SHPR400,φ0.15×R0.03×0.2,0.06,50,B-036
SHPR400,φ0.15×R0.03×0.3,0.06,50,B-036
SHPR400,φ0.15×R0.03×0.5,0.06,50,B-036
SHPR400,φ0.2×R0.02×0.3,0.08,50,B-036
SHPR400,φ0.2×R0.02×0.5,0.08,50,B-036
SHPR400,φ0.4×R0.05×1,0.24,50,B-037
SHPR400,φ0.4×R0.05×1.5,0.24,50,B-037
SHPR400,φ0.4×R0.05×2,0.24,50,B-037
SHPR400,φ0.4×R0.05×2.5,0.24,50,B-037
SHPR400,φ0.4×R0.1×0.5,0.24,50,B-037
SHPR400,φ0.4×R0.1×1,0.24,50,B-037
SHPR400,φ0.4×R0.1×1.5,0.24,50,B-037
SHPR400,φ0.4×R0.1×2,0.24,50,B-037
SHPR400,φ0.4×R0.1×2.5,0.24,50,B-037
SHPR400,φ0.5×R0.02×0.5,0.3,48,B-037
SHPR400,φ0.5×R0.02×1,0.3,50,B-037
SHPR400,φ0.5×R0.02×1.5,0.3,50,B-037
SHPR400,φ0.5×R0.02×2,0.3,50,B-037
SHPR400,φ0.5×R0.02×2.5,0.3,50,B-037
SHPR400,φ0.5×R0.05×0.5,0.3,48,B-037
SHPR400,φ0.5×R0.05×1,0.3,50,B-037
SHPR400,φ0.5×R0.05×1.5,0.3,50,B-037
SHPR400,φ0.5×R0.05×2,0.3,50,B-037
SHPR400,φ0.5×R0.05×2.5,0.3,50,B-037
SHPR400,φ0.5×R0.1×0.5,0.3,48,B-037
SHPR400,φ0.5×R0.1×1,0.3,50,B-037
SHPR400,φ0.5×R0.1×1.5,0.3,50,B-037
SHPR400,φ0.5×R0.1×2,0.3,50,B-037
SHPR400,φ0.5×R0.1×2.5,0.3,50,B-037
SHPR400,φ0.6×R0.02×0.5,0.3,48,B-037
SHPR400,φ0.6×R0.02×1,0.3,50,B-037
SHPR400,φ0.6×R0.02×1.5,0.3,50,B-037
SHPR400,φ0.6×R0.02×2,0.3,50,B-037
SHPR400,φ0.6×R0.02×2.5,0.3,50,B-037
SHPR400,φ0.6×R0.05×0.5,0.3,48,B-037
SHPR400,φ0.6×R0.05×1,0.3,50,B-037
SHPR400,φ0.6×R0.05×1.5,0.3,50,B-037
SHPR400,φ0.6×R0.05×2,0.3,50,B-037
SHPR400,φ0.6×R0.05×2.5,0.3,50,B-037
SHPR400,φ0.6×R0.1×0.5,0.3,48,B-037
SHPR400,φ0.6×R0.1×1,0.3,50,B-037
SHPR400,φ0.6×R0.1×1.5,0.3,50,B-037
SHPR400,φ0.6×R0.1×2,0.3,50,B-037
SHPR400,φ0.6×R0.1×2.5,0.3,50,B-037
SHPR400,φ0.8×R0.02×1.5,0.56,50,B-037
SHPR400,φ0.8×R0.02×2.5,0.56,50,B-037
SHPR400,φ0.8×R0.02×5,0.56,53,B-037
SHPR400,φ0.8×R0.05×1.5,0.56,50,B-037
SHPR400,φ0.8×R0.05×2.5,0.56,50,B-037
SHPR400,φ0.8×R0.05×5,0.56,53,B-037
SHPR400,φ0.8×R0.1×1.5,0.56,50,B-037
SHPR400,φ0.8×R0.1×2.5,0.56,50,B-037
SHPR400,φ0.8×R0.1×5,0.56,53,B-037
SHPR400,φ1×R0.02×1,0.7,49,B-037
SHPR400,φ1×R0.02×2,0.7,50,B-037
SHPR400,φ1×R0.02×3,0.7,50,B-037
SHPR400,φ1×R0.02×5,0.7,53,B-037
SHPR400,φ1×R0.05×1,0.7,49,B-038
SHPR400,φ1×R0.05×2,0.7,50,B-038
SHPR400,φ1×R0.05×3,0.7,50,B-038
SHPR400,φ1×R0.05×5,0.7,53,B-038
SHPR400,φ1×R0.1×1,0.7,49,B-038
SHPR400,φ1×R0.1×2,0.7,50,B-038
SHPR400,φ1×R0.1×3,0.7,50,B-038
SHPR400,φ1×R0.1×5,0.7,53,B-038
SHPR400,φ1×R0.2×1,0.7,49,B-038
SHPR400,φ1×R0.2×2,0.7,50,B-038
SHPR400,φ1×R0.2×3,0.7,50,B-038
SHPR400,φ1×R0.2×5,0.7,53,B-038
SHPR400,φ1.5×R0.02×2,1,52,B-038
SHPR400,φ1.5×R0.02×3,1,52,B-038
SHPR400,φ1.5×R0.02×4.5,1,52,B-038
SHPR400,φ1.5×R0.02×7.5,1,52,B-038
SHPR400,φ1.5×R0.05×2,1,52,B-038
SHPR400,φ1.5×R0.05×3,1,52,B-038
SHPR400,φ1.5×R0.05×4.5,1,52,B-038
SHPR400,φ1.5×R0.05×7.5,1,52,B-038
SHPR400,φ1.5×R0.1×2,1,52,B-038
SHPR400,φ1.5×R0.1×3,1,52,B-038
SHPR400,φ1.5×R0.1×4.5,1,52,B-038
SHPR400,φ1.5×R0.1×7.5,1,52,B-038
SHPR400,φ1.5×R0.2×2,1,52,B-038
SHPR400,φ1.5×R0.2×3,1,52,B-038
SHPR400,φ1.5×R0.2×4.5,1,52,B-038
SHPR400,φ1.5×R0.2×7.5,1,52,B-038
SHPR400,φ2×R0.02×3,1.2,53,B-038
SHPR400,φ2×R0.02×4,1.2,53,B-038
SHPR400,φ2×R0.02×6,1.2,53,B-038
SHPR400,φ2×R0.02×10,1.2,53,B-038
SHPR400,φ2×R0.05×3,1.2,53,B-038
SHPR400,φ2×R0.05×4,1.2,53,B-038
SHPR400,φ2×R0.05×6,1.2,53,B-038
SHPR400,φ2×R0.05×10,1.2,53,B-038
SHPR400,φ2×R0.1×3,1.2,53,B-038
SHPR400,φ2×R0.1×4,1.2,53,B-038
SHPR400,φ2×R0.1×6,1.2,53,B-038
SHPR400,φ2×R0.1×10,1.2,53,B-038
SHPR400,φ2×R0.2×3,1.2,53,B-038
SHPR400,φ2×R0.2×4,1.2,53,B-038
SHPR400,φ2×R0.2×6,1.2,53,B-038
SHPR400,φ2×R0.2×10,1.2,53,B-038
SHPR400,φ3×R0.05×6,1.8,53,B-038
SHPR400,φ3×R0.05×9,1.8,53,B-038
SHPR400,φ3×R0.05×12,1.8,63,B-038
SHPR400,φ3×R0.05×15,1.8,63,B-038
SHPR400,φ3×R0.1×6,1.8,53,B-038
SHPR400,φ3×R0.1×9,1.8,53,B-038
SHPR400,φ3×R0.1×12,1.8,63,B-038
SHPR400,φ3×R0.1×15,1.8,63,B-038
SHPR400,φ3×R0.2×6,1.8,53,B-038
SHPR400,φ3×R0.2×9,1.8,53,B-038
SHPR400,φ3×R0.2×12,1.8,63,B-038
SHPR400,φ3×R0.2×15,1.8,63,B-038
SHR320,φ0.5×R0.1×1.5,0.25,50,B-034
SHR320,φ0.5×R0.1×2.5,0.25,50,B-034
SHR320,φ1×R0.1×3,0.5,50,B-034
SHR320,φ1×R0.1×5,0.5,52,B-034
SHR320,φ1×R0.2×3,0.5,50,B-034
SHR320,φ1×R0.2×5,0.5,52,B-034
SHR320,φ1.5×R0.1×4.5,0.75,52,B-034
SHR320,φ1.5×R0.1×7.5,0.75,52,B-034
SHR320,φ1.5×R0.2×4.5,0.75,52,B-034
SHR320,φ1.5×R0.2×7.5,0.75,52,B-034
SHR320,φ2×R0.1×6,1,52,B-034
SHR320,φ2×R0.1×10,1,52,B-034
SHR320,φ2×R0.3×6,1,52,B-034
SHR320,φ2×R0.3×10,1,52,B-034
SSF120,φ0.2×R0.05×0.5,0.1,50,B-042
SSF120,φ0.3×R0.05×0.75,0.15,50,B-042
SSF120,φ0.4×R0.05×1,0.2,50,B-042
SSF120,φ0.5×R0.05×1.25,0.25,50,B-042
SSF120,φ0.6×R0.05×1.5,0.3,50,B-042
SSF120,φ0.8×R0.05×2,0.4,50,B-042
SSF120,φ1×R0.1×2.5,0.5,50,B-042
SSF120,φ1.5×R0.1×3.8,0.75,52,B-042
SSF120,φ2×R0.1×5,1,52,B-042
SSR200,φ0.2×R0.02×1,0.08,50,B-028
SSR200,φ0.2×R0.03×0.3,0.08,50,B-028
SSR200,φ0.2×R0.03×0.5,0.08,50,B-028
SSR200,φ0.2×R0.03×1,0.08,50,B-028
SSR200,φ0.2×R0.05×0.3,0.08,50,B-028
SSR200,φ0.2×R0.05×0.5,0.08,50,B-028
SSR200,φ0.2×R0.05×1,0.08,50,B-028
SSR200,φ0.3×R0.02×0.5,0.13,50,B-028
SSR200,φ0.3×R0.02×0.75,0.13,50,B-028
SSR200,φ0.3×R0.02×1,0.13,50,B-028
SSR200,φ0.3×R0.02×1.5,0.13,50,B-028
SSR200,φ0.3×R0.02×2,0.13,50,B-028
SSR200,φ0.3×R0.03×0.5,0.13,50,B-029
SSR200,φ0.3×R0.03×0.75,0.13,50,B-029
SSR200,φ0.3×R0.03×1,0.13,50,B-029
SSR200,φ0.3×R0.03×1.5,0.13,50,B-029
SSR200,φ0.3×R0.03×2,0.13,50,B-029
SSR200,φ0.3×R0.05×0.5,0.13,50,B-029
SSR200,φ0.3×R0.05×0.75,0.13,50,B-029
SSR200,φ0.3×R0.05×1,0.13,50,B-029
SSR200,φ0.3×R0.05×1.5,0.13,50,B-029
SSR200,φ0.3×R0.05×2,0.13,50,B-029
SSR200,φ0.4×R0.02×0.5,0.24,50,B-029
SSR200,φ0.4×R0.02×1,0.24,50,B-029
SSR200,φ0.4×R0.02×1.5,0.24,50,B-029
SSR200,φ0.4×R0.02×2,0.24,50,B-029
SSR200,φ0.4×R0.03×0.5,0.24,50,B-029
SSR200,φ0.4×R0.03×1,0.24,50,B-029
SSR200,φ0.4×R0.03×1.5,0.24,50,B-029
SSR200,φ0.4×R0.03×2,0.24,50,B-029
SSR200,φ0.4×R0.05×0.5,0.24,50,B-029
SSR200,φ0.4×R0.05×1,0.24,50,B-029
SSR200,φ0.1×R0.02×0.2,0.04,50,B-028
SSR200,φ0.1×R0.02×0.3,0.04,50,B-028
SSR200,φ0.1×R0.02×0.5,0.04,50,B-028
SSR200,φ0.1×R0.03×0.2,0.04,50,B-028
SSR200,φ0.1×R0.03×0.3,0.04,50,B-028
SSR200,φ0.1×R0.03×0.5,0.04,50,B-028
SSR200,φ0.15×R0.02×0.2,0.06,50,B-028
SSR200,φ0.15×R0.02×0.3,0.06,50,B-028
SSR200,φ0.15×R0.02×0.5,0.06,50,B-028
SSR200,φ0.15×R0.03×0.2,0.06,50,B-028
SSR200,φ0.15×R0.03×0.3,0.06,50,B-028
SSR200,φ0.15×R0.03×0.5,0.06,50,B-028
SSR200,φ0.2×R0.02×0.3,0.08,50,B-028
SSR200,φ0.2×R0.02×0.5,0.08,50,B-028
SSR200,φ0.4×R0.05×1.5,0.24,50,B-029
SSR200,φ0.4×R0.05×2,0.24,50,B-029
SSR200,φ0.4×R0.1×0.5,0.24,50,B-029
SSR200,φ0.4×R0.1×1,0.24,50,B-029
SSR200,φ0.4×R0.1×1.5,0.24,50,B-029
SSR200,φ0.4×R0.1×2,0.24,50,B-029
SSR200,φ0.5×R0.02×0.5,0.3,48,B-029
SSR200,φ0.5×R0.02×1,0.3,50,B-029
SSR200,φ0.5×R0.02×1.5,0.3,50,B-029
SSR200,φ0.5×R0.02×2.5,0.3,50,B-029
SSR200,φ0.5×R0.03×0.5,0.3,48,B-029
SSR200,φ0.5×R0.03×1,0.3,50,B-029
SSR200,φ0.5×R0.03×1.5,0.3,50,B-029
SSR200,φ0.5×R0.03×2.5,0.3,50,B-029
SSR200,φ0.5×R0.05×0.5,0.3,48,B-029
SSR200,φ0.5×R0.05×1,0.3,50,B-029
SSR200,φ0.5×R0.05×1.5,0.3,50,B-029
SSR200,φ0.5×R0.05×2.5,0.3,50,B-029
SSR200,φ0.5×R0.1×0.5,0.3,48,B-029
SSR200,φ0.5×R0.1×1,0.3,50,B-029
SSR200,φ0.5×R0.1×1.5,0.3,50,B-029
SSR200,φ0.5×R0.1×2.5,0.3,50,B-029
SSR200,φ0.6×R0.02×0.5,0.3,48,B-029
SSR200,φ0.6×R0.02×1,0.3,50,B-029
SSR200,φ0.6×R0.02×1.5,0.3,50,B-029
SSR200,φ0.6×R0.02×2.5,0.3,50,B-029
SSR200,φ0.6×R0.03×0.5,0.3,48,B-029
SSR200,φ0.6×R0.03×1,0.3,50,B-029
SSR200,φ0.6×R0.03×1.5,0.3,50,B-029
SSR200,φ0.6×R0.03×2.5,0.3,50,B-029
SSR200,φ0.6×R0.05×0.5,0.3,48,B-029
SSR200,φ0.6×R0.05×1,0.3,50,B-029
SSR200,φ0.6×R0.05×1.5,0.3,50,B-029
SSR200,φ0.6×R0.05×2.5,0.3,50,B-029
SSR200,φ0.6×R0.1×0.5,0.3,48,B-029
SSR200,φ0.6×R0.1×1,0.3,50,B-029
SSR200,φ0.6×R0.1×1.5,0.3,50,B-029
SSR200,φ0.6×R0.1×2.5,0.3,50,B-029
SSR200,φ0.8×R0.02×1.5,0.56,50,B-029
SSR200,φ0.8×R0.02×2.5,0.56,50,B-029
SSR200,φ0.8×R0.02×5,0.56,53,B-029
SSR200,φ0.8×R0.03×1.5,0.56,50,B-030
SSR200,φ0.8×R0.03×2.5,0.56,50,B-030
SSR200,φ0.8×R0.03×5,0.56,53,B-030
SSR200,φ0.8×R0.05×1.5,0.56,50,B-030
SSR200,φ0.8×R0.05×2.5,0.56,50,B-030
SSR200,φ0.8×R0.05×5,0.56,53,B-030
SSR200,φ0.8×R0.1×1.5,0.56,50,B-030
SSR200,φ0.8×R0.1×2.5,0.56,50,B-030
SSR200,φ0.8×R0.1×5,0.56,53,B-030
SSR200,φ1×R0.02×1,0.7,49,B-030
SSR200,φ1×R0.02×2,0.7,50,B-030
SSR200,φ1×R0.02×3,0.7,50,B-030
SSR200,φ1×R0.02×5,0.7,53,B-030
SSR200,φ1×R0.03×1,0.7,49,B-030
SSR200,φ1×R0.03×2,0.7,50,B-030
SSR200,φ1×R0.03×3,0.7,50,B-030
SSR200,φ1×R0.03×5,0.7,53,B-030
SSR200,φ1×R0.05×1,0.7,49,B-030
SSR200,φ1×R0.05×2,0.7,50,B-030
SSR200,φ1×R0.05×3,0.7,50,B-030
SSR200,φ1×R0.05×5,0.7,53,B-030
SSR200,φ1×R0.1×1,0.7,49,B-030
SSR200,φ1×R0.1×2,0.7,50,B-030
SSR200,φ1×R0.1×3,0.7,50,B-030
SSR200,φ1×R0.1×5,0.7,53,B-030
SSR200,φ1×R0.2×1,0.7,49,B-030
SSR200,φ1×R0.2×2,0.7,50,B-030
SSR200,φ1×R0.2×3,0.7,50,B-030
SSR200,φ1×R0.2×5,0.7,53,B-030
SSR200,φ1×R0.3×1,0.7,49,B-030
SSR200,φ1×R0.3×2,0.7,50,B-030
SSR200,φ1×R0.3×3,0.7,50,B-030
SSR200,φ1×R0.3×5,0.7,53,B-030
SSR200,φ1.5×R0.02×2,1,52,B-030
SSR200,φ1.5×R0.02×3,1,52,B-030
SSR200,φ1.5×R0.02×4.5,1,52,B-030
SSR200,φ1.5×R0.02×7.5,1,52,B-030
SSR200,φ1.5×R0.03×2,1,52,B-030
SSR200,φ1.5×R0.03×3,1,52,B-030
SSR200,φ1.5×R0.03×4.5,1,52,B-030
SSR200,φ1.5×R0.03×7.5,1,52,B-030
SSR200,φ1.5×R0.05×2,1,52,B-030
SSR200,φ1.5×R0.05×3,1,52,B-030
SSR200,φ1.5×R0.05×4.5,1,52,B-030
SSR200,φ1.5×R0.05×7.5,1,52,B-030
SSR200,φ1.5×R0.1×2,1,52,B-030
SSR200,φ1.5×R0.1×3,1,52,B-030
SSR200,φ1.5×R0.1×4.5,1,52,B-030
SSR200,φ1.5×R0.1×7.5,1,52,B-030
SSR200,φ1.5×R0.2×2,1,52,B-031
SSR200,φ1.5×R0.2×3,1,52,B-031
SSR200,φ1.5×R0.2×4.5,1,52,B-031
SSR200,φ1.5×R0.2×7.5,1,52,B-031
SSR200,φ1.5×R0.3×2,1,52,B-031
SSR200,φ1.5×R0.3×3,1,52,B-031
SSR200,φ1.5×R0.3×4.5,1,52,B-031
SSR200,φ1.5×R0.3×7.5,1,52,B-031
SSR200,φ2×R0.02×3,1.2,53,B-031
SSR200,φ2×R0.02×4,1.2,53,B-031
SSR200,φ2×R0.02×6,1.2,53,B-031
SSR200,φ2×R0.02×10,1.2,53,B-031
SSR200,φ2×R0.03×3,1.2,53,B-031
SSR200,φ2×R0.03×4,1.2,53,B-031
SSR200,φ2×R0.03×6,1.2,53,B-031
SSR200,φ2×R0.03×10,1.2,53,B-031
SSR200,φ2×R0.05×3,1.2,53,B-031
SSR200,φ2×R0.05×4,1.2,53,B-031
SSR200,φ2×R0.05×6,1.2,53,B-031
SSR200,φ2×R0.05×10,1.2,53,B-031
SSR200,φ2×R0.1×3,1.2,53,B-031
SSR200,φ2×R0.1×4,1.2,53,B-031
SSR200,φ2×R0.1×6,1.2,52,B-031
SSR200,φ2×R0.1×10,1.2,52,B-031
SSR200,φ2×R0.2×3,1.2,53,B-031
SSR200,φ2×R0.2×4,1.2,53,B-031
SSR200,φ2×R0.2×6,1.2,52,B-031
SSR200,φ2×R0.2×10,1.2,52,B-031
SSR200,φ2×R0.3×3,1.2,53,B-031
SSR200,φ2×R0.3×4,1.2,53,B-031
SSR200,φ2×R0.3×6,1.2,52,B-031
SSR200,φ2×R0.3×10,1.2,52,B-031
SSR200,φ2×R0.5×3,1.2,53,B-031
SSR200,φ2×R0.5×4,1.2,53,B-031
SSR200,φ2×R0.5×6,1.2,52,B-031
SSR200,φ2×R0.5×10,1.2,52,B-031